repo_name,tag_name,prerelease,published_at,cve_id,artifact_name,artifact_version,severity,cvss_version,vector_string,base_score,impact_score,asexploitability_score
tensorflow/tensorflow,v2.6.5,0,2022-05-23 16:59:45.000,CVE-2022-23584,tensorflow,2.5.0,MEDIUM,CVSSv3.1,CVSS:3.1/AV:N/AC:L/PR:L/UI:N/S:U/C:N/I:N/A:H,6.5,3.6,2.8
tensorflow/tensorflow,v2.6.5,0,2022-05-23 16:59:45.000,CVE-2022-23591,tensorflow,2.5.0,HIGH,CVSSv3.1,CVSS:3.1/AV:N/AC:L/PR:N/UI:N/S:U/C:N/I:N/A:H,7.5,3.6,3.9
tensorflow/tensorflow,v2.6.5,0,2022-05-23 16:59:45.000,CVE-2022-21726,tensorflow,2.5.0,HIGH,CVSSv3.1,CVSS:3.1/AV:N/AC:L/PR:L/UI:N/S:U/C:H/I:H/A:H,8.8,5.9,2.8
tensorflow/tensorflow,v2.6.5,0,2022-05-23 16:59:45.000,CVE-2022-41889,tensorflow,2.5.0,HIGH,CVSSv3.1,CVSS:3.1/AV:N/AC:L/PR:N/UI:N/S:U/C:N/I:N/A:H,7.5,3.6,3.9
tensorflow/tensorflow,v2.6.5,0,2022-05-23 16:59:45.000,CVE-2021-41202,tensorflow,2.5.0,LOW,CVSSv2,AV:L/AC:L/Au:N/C:N/I:N/A:P,2.1,2.9,3.9
tensorflow/tensorflow,v2.6.5,0,2022-05-23 16:59:45.000,CVE-2022-29211,tensorflow,2.5.0,MEDIUM,CVSSv3.1,CVSS:3.1/AV:L/AC:L/PR:L/UI:N/S:U/C:N/I:N/A:H,5.5,3.6,1.8
tensorflow/tensorflow,v2.6.5,0,2022-05-23 16:59:45.000,CVE-2022-35940,tensorflow,2.5.0,HIGH,CVSSv3.1,CVSS:3.1/AV:N/AC:L/PR:N/UI:N/S:U/C:N/I:N/A:H,7.5,3.6,3.9
tensorflow/tensorflow,v2.6.5,0,2022-05-23 16:59:45.000,CVE-2021-41215,tensorflow,2.5.0,MEDIUM,CVSSv3.1,CVSS:3.1/AV:L/AC:L/PR:L/UI:N/S:U/C:N/I:N/A:H,5.5,3.6,1.8
tensorflow/tensorflow,v2.6.5,0,2022-05-23 16:59:45.000,CVE-2022-35959,tensorflow,2.5.0,HIGH,CVSSv3.1,CVSS:3.1/AV:N/AC:L/PR:N/UI:N/S:U/C:N/I:N/A:H,7.5,3.6,3.9
tensorflow/tensorflow,v2.6.5,0,2022-05-23 16:59:45.000,CVE-2022-35986,tensorflow,2.5.0,HIGH,CVSSv3.1,CVSS:3.1/AV:N/AC:L/PR:N/UI:N/S:U/C:N/I:N/A:H,7.5,3.6,3.9
tensorflow/tensorflow,v2.6.5,0,2022-05-23 16:59:45.000,CVE-2022-36017,tensorflow,2.5.0,HIGH,CVSSv3.1,CVSS:3.1/AV:N/AC:L/PR:N/UI:N/S:U/C:N/I:N/A:H,7.5,3.6,3.9
tensorflow/tensorflow,v2.6.5,0,2022-05-23 16:59:45.000,CVE-2022-35993,tensorflow,2.5.0,HIGH,CVSSv3.1,CVSS:3.1/AV:N/AC:L/PR:N/UI:N/S:U/C:N/I:N/A:H,7.5,3.6,3.9
tensorflow/tensorflow,v2.6.5,0,2022-05-23 16:59:45.000,CVE-2022-35987,tensorflow,2.5.0,HIGH,CVSSv3.1,CVSS:3.1/AV:N/AC:L/PR:N/UI:N/S:U/C:N/I:N/A:H,7.5,3.6,3.9
tensorflow/tensorflow,v2.6.5,0,2022-05-23 16:59:45.000,CVE-2022-35981,tensorflow,2.5.0,HIGH,CVSSv3.1,CVSS:3.1/AV:N/AC:L/PR:N/UI:N/S:U/C:N/I:N/A:H,7.5,3.6,3.9
tensorflow/tensorflow,v2.6.5,0,2022-05-23 16:59:45.000,CVE-2021-37669,tensorflow,2.5.0,MEDIUM,CVSSv3.1,CVSS:3.1/AV:L/AC:L/PR:L/UI:N/S:U/C:N/I:N/A:H,5.5,3.6,1.8
tensorflow/tensorflow,v2.6.5,0,2022-05-23 16:59:45.000,CVE-2022-35991,tensorflow,2.5.0,HIGH,CVSSv3.1,CVSS:3.1/AV:N/AC:L/PR:N/UI:N/S:U/C:N/I:N/A:H,7.5,3.6,3.9
tensorflow/tensorflow,v2.6.5,0,2022-05-23 16:59:45.000,CVE-2022-35974,tensorflow,2.5.0,HIGH,CVSSv3.1,CVSS:3.1/AV:N/AC:L/PR:N/UI:N/S:U/C:N/I:N/A:H,7.5,3.6,3.9
tensorflow/tensorflow,v2.6.5,0,2022-05-23 16:59:45.000,CVE-2022-35979,tensorflow,2.5.0,HIGH,CVSSv3.1,CVSS:3.1/AV:N/AC:L/PR:N/UI:N/S:U/C:N/I:N/A:H,7.5,3.6,3.9
tensorflow/tensorflow,v2.6.5,0,2022-05-23 16:59:45.000,CVE-2022-35967,tensorflow,2.5.0,HIGH,CVSSv3.1,CVSS:3.1/AV:N/AC:L/PR:N/UI:N/S:U/C:N/I:N/A:H,7.5,3.6,3.9
tensorflow/tensorflow,v2.6.5,0,2022-05-23 16:59:45.000,CVE-2022-35960,tensorflow,2.5.0,HIGH,CVSSv3.1,CVSS:3.1/AV:N/AC:L/PR:N/UI:N/S:U/C:N/I:N/A:H,7.5,3.6,3.9
tensorflow/tensorflow,v2.6.5,0,2022-05-23 16:59:45.000,CVE-2022-21725,tensorflow,2.5.0,MEDIUM,CVSSv3.1,CVSS:3.1/AV:N/AC:L/PR:L/UI:N/S:U/C:N/I:N/A:H,6.5,3.6,2.8
tensorflow/tensorflow,v2.6.5,0,2022-05-23 16:59:45.000,CVE-2022-41896,tensorflow,2.5.0,HIGH,CVSSv3.1,CVSS:3.1/AV:N/AC:L/PR:N/UI:N/S:U/C:N/I:N/A:H,7.5,3.6,3.9
tensorflow/tensorflow,v2.6.5,0,2022-05-23 16:59:45.000,CVE-2022-41909,tensorflow,2.5.0,HIGH,CVSSv3.1,CVSS:3.1/AV:N/AC:L/PR:N/UI:N/S:U/C:N/I:N/A:H,7.5,3.6,3.9
tensorflow/tensorflow,v2.6.5,0,2022-05-23 16:59:45.000,CVE-2021-37683,tensorflow,2.5.0,MEDIUM,CVSSv3.1,CVSS:3.1/AV:L/AC:L/PR:L/UI:N/S:U/C:N/I:N/A:H,5.5,3.6,1.8
tensorflow/tensorflow,v2.6.5,0,2022-05-23 16:59:45.000,CVE-2021-41224,tensorflow,2.5.0,HIGH,CVSSv3.1,CVSS:3.1/AV:L/AC:L/PR:L/UI:N/S:U/C:H/I:N/A:H,7.1,5.2,1.8
tensorflow/tensorflow,v2.6.5,0,2022-05-23 16:59:45.000,CVE-2022-29206,tensorflow,2.5.0,MEDIUM,CVSSv3.1,CVSS:3.1/AV:L/AC:L/PR:L/UI:N/S:U/C:N/I:N/A:H,5.5,3.6,1.8
tensorflow/tensorflow,v2.6.5,0,2022-05-23 16:59:45.000,CVE-2022-36005,tensorflow,2.5.0,HIGH,CVSSv3.1,CVSS:3.1/AV:N/AC:L/PR:N/UI:N/S:U/C:N/I:N/A:H,7.5,3.6,3.9
tensorflow/tensorflow,v2.6.5,0,2022-05-23 16:59:45.000,CVE-2022-35965,tensorflow,2.5.0,HIGH,CVSSv3.1,CVSS:3.1/AV:N/AC:L/PR:N/UI:N/S:U/C:N/I:N/A:H,7.5,3.6,3.9
tensorflow/tensorflow,v2.6.5,0,2022-05-23 16:59:45.000,CVE-2021-37653,tensorflow,2.5.0,MEDIUM,CVSSv3.1,CVSS:3.1/AV:L/AC:L/PR:L/UI:N/S:U/C:N/I:N/A:H,5.5,3.6,1.8
tensorflow/tensorflow,v2.6.5,0,2022-05-23 16:59:45.000,CVE-2022-35998,tensorflow,2.5.0,HIGH,CVSSv3.1,CVSS:3.1/AV:N/AC:L/PR:N/UI:N/S:U/C:N/I:N/A:H,7.5,3.6,3.9
tensorflow/tensorflow,v2.6.5,0,2022-05-23 16:59:45.000,CVE-2021-37677,tensorflow,2.5.0,MEDIUM,CVSSv3.1,CVSS:3.1/AV:L/AC:L/PR:L/UI:N/S:U/C:N/I:N/A:H,5.5,3.6,1.8
tensorflow/tensorflow,v2.6.5,0,2022-05-23 16:59:45.000,CVE-2021-37684,tensorflow,2.5.0,MEDIUM,CVSSv3.1,CVSS:3.1/AV:L/AC:L/PR:L/UI:N/S:U/C:N/I:N/A:H,5.5,3.6,1.8
tensorflow/tensorflow,v2.6.5,0,2022-05-23 16:59:45.000,CVE-2022-35996,tensorflow,2.5.0,HIGH,CVSSv3.1,CVSS:3.1/AV:N/AC:L/PR:N/UI:N/S:U/C:N/I:N/A:H,7.5,3.6,3.9
tensorflow/tensorflow,v2.6.5,0,2022-05-23 16:59:45.000,CVE-2022-35969,tensorflow,2.5.0,HIGH,CVSSv3.1,CVSS:3.1/AV:N/AC:L/PR:N/UI:N/S:U/C:N/I:N/A:H,7.5,3.6,3.9
tensorflow/tensorflow,v2.6.5,0,2022-05-23 16:59:45.000,CVE-2021-41197,tensorflow,2.5.0,MEDIUM,CVSSv3.1,CVSS:3.1/AV:L/AC:L/PR:L/UI:N/S:U/C:N/I:N/A:H,5.5,3.6,1.8
tensorflow/tensorflow,v2.6.5,0,2022-05-23 16:59:45.000,CVE-2022-23590,tensorflow,2.5.0,HIGH,CVSSv3.1,CVSS:3.1/AV:N/AC:L/PR:N/UI:N/S:U/C:N/I:N/A:H,7.5,3.6,3.9
tensorflow/tensorflow,v2.6.5,0,2022-05-23 16:59:45.000,CVE-2022-29201,tensorflow,2.5.0,MEDIUM,CVSSv3.1,CVSS:3.1/AV:L/AC:L/PR:L/UI:N/S:U/C:N/I:N/A:H,5.5,3.6,1.8
tensorflow/tensorflow,v2.6.5,0,2022-05-23 16:59:45.000,CVE-2022-41911,tensorflow,2.5.0,HIGH,CVSSv3.1,CVSS:3.1/AV:N/AC:L/PR:N/UI:N/S:U/C:N/I:N/A:H,7.5,3.6,3.9
tensorflow/tensorflow,v2.6.5,0,2022-05-23 16:59:45.000,CVE-2022-29199,tensorflow,2.5.0,MEDIUM,CVSSv3.1,CVSS:3.1/AV:L/AC:L/PR:L/UI:N/S:U/C:N/I:N/A:H,5.5,3.6,1.8
tensorflow/tensorflow,v2.6.5,0,2022-05-23 16:59:45.000,CVE-2022-35997,tensorflow,2.5.0,HIGH,CVSSv3.1,CVSS:3.1/AV:N/AC:L/PR:N/UI:N/S:U/C:N/I:N/A:H,7.5,3.6,3.9
tensorflow/tensorflow,v2.6.5,0,2022-05-23 16:59:45.000,CVE-2022-35984,tensorflow,2.5.0,HIGH,CVSSv3.1,CVSS:3.1/AV:N/AC:L/PR:N/UI:N/S:U/C:N/I:N/A:H,7.5,3.6,3.9
tensorflow/tensorflow,v2.6.5,0,2022-05-23 16:59:45.000,CVE-2022-36004,tensorflow,2.5.0,HIGH,CVSSv3.1,CVSS:3.1/AV:N/AC:L/PR:N/UI:N/S:U/C:N/I:N/A:H,7.5,3.6,3.9
tensorflow/tensorflow,v2.6.5,0,2022-05-23 16:59:45.000,CVE-2022-41908,tensorflow,2.5.0,HIGH,CVSSv3.1,CVSS:3.1/AV:N/AC:L/PR:N/UI:N/S:U/C:N/I:N/A:H,7.5,3.6,3.9
tensorflow/tensorflow,v2.6.5,0,2022-05-23 16:59:45.000,CVE-2022-36002,tensorflow,2.5.0,HIGH,CVSSv3.1,CVSS:3.1/AV:N/AC:L/PR:N/UI:N/S:U/C:N/I:N/A:H,7.5,3.6,3.9
tensorflow/tensorflow,v2.6.5,0,2022-05-23 16:59:45.000,CVE-2022-35941,tensorflow,2.5.0,HIGH,CVSSv3.1,CVSS:3.1/AV:N/AC:L/PR:N/UI:N/S:U/C:N/I:N/A:H,7.5,3.6,3.9
tensorflow/tensorflow,v2.6.5,0,2022-05-23 16:59:45.000,CVE-2022-29198,tensorflow,2.5.0,MEDIUM,CVSSv3.1,CVSS:3.1/AV:L/AC:L/PR:L/UI:N/S:U/C:N/I:N/A:H,5.5,3.6,1.8
tensorflow/tensorflow,v2.6.5,0,2022-05-23 16:59:45.000,CVE-2022-35983,tensorflow,2.5.0,HIGH,CVSSv3.1,CVSS:3.1/AV:N/AC:L/PR:N/UI:N/S:U/C:N/I:N/A:H,7.5,3.6,3.9
tensorflow/tensorflow,v2.6.5,0,2022-05-23 16:59:45.000,CVE-2022-36018,tensorflow,2.5.0,HIGH,CVSSv3.1,CVSS:3.1/AV:N/AC:L/PR:N/UI:N/S:U/C:N/I:N/A:H,7.5,3.6,3.9
tensorflow/tensorflow,v2.6.5,0,2022-05-23 16:59:45.000,CVE-2021-41196,tensorflow,2.5.0,MEDIUM,CVSSv3.1,CVSS:3.1/AV:L/AC:L/PR:L/UI:N/S:U/C:N/I:N/A:H,5.5,3.6,1.8
tensorflow/tensorflow,v2.6.5,0,2022-05-23 16:59:45.000,CVE-2021-37687,tensorflow,2.5.0,MEDIUM,CVSSv3.1,CVSS:3.1/AV:L/AC:L/PR:L/UI:N/S:U/C:H/I:N/A:N,5.5,3.6,1.8
tensorflow/tensorflow,v2.6.5,0,2022-05-23 16:59:45.000,CVE-2022-36012,tensorflow,2.5.0,HIGH,CVSSv3.1,CVSS:3.1/AV:N/AC:L/PR:N/UI:N/S:U/C:N/I:N/A:H,7.5,3.6,3.9
tensorflow/tensorflow,v2.6.5,0,2022-05-23 16:59:45.000,CVE-2022-36001,tensorflow,2.5.0,HIGH,CVSSv3.1,CVSS:3.1/AV:N/AC:L/PR:N/UI:N/S:U/C:N/I:N/A:H,7.5,3.6,3.9
tensorflow/tensorflow,v2.6.5,0,2022-05-23 16:59:45.000,CVE-2022-41884,tensorflow,2.5.0,HIGH,CVSSv3.1,CVSS:3.1/AV:N/AC:L/PR:N/UI:N/S:U/C:N/I:N/A:H,7.5,3.6,3.9
tensorflow/tensorflow,v2.6.5,0,2022-05-23 16:59:45.000,CVE-2022-29203,tensorflow,2.5.0,MEDIUM,CVSSv3.1,CVSS:3.1/AV:L/AC:L/PR:L/UI:N/S:U/C:N/I:N/A:H,5.5,3.6,1.8
tensorflow/tensorflow,v2.6.5,0,2022-05-23 16:59:45.000,CVE-2021-41227,tensorflow,2.5.0,MEDIUM,CVSSv3.1,CVSS:3.1/AV:L/AC:L/PR:L/UI:N/S:U/C:H/I:N/A:N,5.5,3.6,1.8
tensorflow/tensorflow,v2.6.5,0,2022-05-23 16:59:45.000,CVE-2022-35989,tensorflow,2.5.0,HIGH,CVSSv3.1,CVSS:3.1/AV:N/AC:L/PR:N/UI:N/S:U/C:N/I:N/A:H,7.5,3.6,3.9
tensorflow/tensorflow,v2.6.5,0,2022-05-23 16:59:45.000,CVE-2022-29204,tensorflow,2.5.0,MEDIUM,CVSSv3.1,CVSS:3.1/AV:L/AC:L/PR:L/UI:N/S:U/C:N/I:N/A:H,5.5,3.6,1.8
tensorflow/tensorflow,v2.6.5,0,2022-05-23 16:59:45.000,CVE-2021-37639,tensorflow,2.5.0,HIGH,CVSSv3.1,CVSS:3.1/AV:L/AC:L/PR:L/UI:N/S:U/C:H/I:H/A:H,7.8,5.9,1.8
tensorflow/tensorflow,v2.6.5,0,2022-05-23 16:59:45.000,CVE-2023-25674,tensorflow,2.5.0,HIGH,CVSSv3.1,CVSS:3.1/AV:N/AC:L/PR:N/UI:N/S:U/C:N/I:N/A:H,7.5,3.6,3.9
tensorflow/tensorflow,v2.6.5,0,2022-05-23 16:59:45.000,CVE-2022-23557,tensorflow,2.5.0,MEDIUM,CVSSv3.1,CVSS:3.1/AV:N/AC:L/PR:L/UI:N/S:U/C:N/I:N/A:H,6.5,3.6,2.8
tensorflow/tensorflow,v2.6.5,0,2022-05-23 16:59:45.000,CVE-2022-21734,tensorflow,2.5.0,MEDIUM,CVSSv3.1,CVSS:3.1/AV:N/AC:L/PR:L/UI:N/S:U/C:N/I:N/A:H,6.5,3.6,2.8
tensorflow/tensorflow,v2.6.5,0,2022-05-23 16:59:45.000,CVE-2021-37679,tensorflow,2.5.0,HIGH,CVSSv3.1,CVSS:3.1/AV:L/AC:L/PR:L/UI:N/S:U/C:H/I:H/A:H,7.8,5.9,1.8
tensorflow/tensorflow,v2.6.5,0,2022-05-23 16:59:45.000,CVE-2021-37663,tensorflow,2.5.0,HIGH,CVSSv3.1,CVSS:3.1/AV:L/AC:L/PR:L/UI:N/S:U/C:H/I:H/A:H,7.8,5.9,1.8
tensorflow/tensorflow,v2.6.5,0,2022-05-23 16:59:45.000,CVE-2021-41212,tensorflow,2.5.0,HIGH,CVSSv3.1,CVSS:3.1/AV:L/AC:L/PR:L/UI:N/S:U/C:H/I:N/A:H,7.1,5.2,1.8
tensorflow/tensorflow,v2.6.5,0,2022-05-23 16:59:45.000,CVE-2022-35939,tensorflow,2.5.0,CRITICAL,CVSSv3.1,CVSS:3.1/AV:N/AC:L/PR:N/UI:N/S:U/C:H/I:H/A:H,9.8,5.9,3.9
tensorflow/tensorflow,v2.6.5,0,2022-05-23 16:59:45.000,CVE-2021-37643,tensorflow,2.5.0,HIGH,CVSSv3.1,CVSS:3.1/AV:L/AC:L/PR:L/UI:N/S:U/C:N/I:H/A:H,7.1,5.2,1.8
tensorflow/tensorflow,v2.6.5,0,2022-05-23 16:59:45.000,CVE-2021-37650,tensorflow,2.5.0,HIGH,CVSSv3.1,CVSS:3.1/AV:L/AC:L/PR:L/UI:N/S:U/C:H/I:H/A:H,7.8,5.9,1.8
tensorflow/tensorflow,v2.6.5,0,2022-05-23 16:59:45.000,CVE-2023-25666,tensorflow,2.5.0,HIGH,CVSSv3.1,CVSS:3.1/AV:N/AC:L/PR:N/UI:N/S:U/C:N/I:N/A:H,7.5,3.6,3.9
tensorflow/tensorflow,v2.6.5,0,2022-05-23 16:59:45.000,CVE-2023-25801,tensorflow,2.5.0,HIGH,CVSSv3.1,CVSS:3.1/AV:L/AC:L/PR:L/UI:N/S:U/C:H/I:H/A:H,7.8,5.9,1.8
tensorflow/tensorflow,v2.6.5,0,2022-05-23 16:59:45.000,CVE-2022-21737,tensorflow,2.5.0,MEDIUM,CVSSv3.1,CVSS:3.1/AV:N/AC:L/PR:L/UI:N/S:U/C:N/I:N/A:H,6.5,3.6,2.8
tensorflow/tensorflow,v2.6.5,0,2022-05-23 16:59:45.000,CVE-2021-41221,tensorflow,2.5.0,MEDIUM,CVSSv2,AV:L/AC:L/Au:N/C:P/I:P/A:P,4.6,6.4,3.9
tensorflow/tensorflow,v2.6.5,0,2022-05-23 16:59:45.000,CVE-2021-37635,tensorflow,2.5.0,HIGH,CVSSv3.1,CVSS:3.1/AV:L/AC:L/PR:L/UI:N/S:U/C:H/I:N/A:H,7.1,5.2,1.8
tensorflow/tensorflow,v2.6.5,0,2022-05-23 16:59:45.000,CVE-2022-41902,tensorflow,2.5.0,CRITICAL,CVSSv3.1,CVSS:3.1/AV:N/AC:L/PR:N/UI:N/S:U/C:H/I:N/A:H,9.1,5.2,3.9
tensorflow/tensorflow,v2.6.5,0,2022-05-23 16:59:45.000,CVE-2021-37637,tensorflow,2.5.0,MEDIUM,CVSSv3.1,CVSS:3.1/AV:L/AC:L/PR:L/UI:N/S:U/C:N/I:N/A:H,5.5,3.6,1.8
tensorflow/tensorflow,v2.6.5,0,2022-05-23 16:59:45.000,CVE-2022-23575,tensorflow,2.5.0,MEDIUM,CVSSv3.1,CVSS:3.1/AV:N/AC:L/PR:L/UI:N/S:U/C:N/I:N/A:H,6.5,3.6,2.8
tensorflow/tensorflow,v2.6.5,0,2022-05-23 16:59:45.000,CVE-2022-21727,tensorflow,2.5.0,HIGH,CVSSv3.1,CVSS:3.1/AV:N/AC:L/PR:L/UI:N/S:U/C:H/I:H/A:H,8.8,5.9,2.8
tensorflow/tensorflow,v2.6.5,0,2022-05-23 16:59:45.000,CVE-2021-37647,tensorflow,2.5.0,MEDIUM,CVSSv3.1,CVSS:3.1/AV:L/AC:L/PR:L/UI:N/S:U/C:N/I:N/A:H,5.5,3.6,1.8
tensorflow/tensorflow,v2.6.5,0,2022-05-23 16:59:45.000,CVE-2022-23570,tensorflow,2.5.0,MEDIUM,CVSSv3.1,CVSS:3.1/AV:N/AC:L/PR:L/UI:N/S:U/C:N/I:N/A:H,6.5,3.6,2.8
tensorflow/tensorflow,v2.6.5,0,2022-05-23 16:59:45.000,CVE-2022-23558,tensorflow,2.5.0,HIGH,CVSSv3.1,CVSS:3.1/AV:N/AC:L/PR:L/UI:N/S:U/C:H/I:H/A:H,8.8,5.9,2.8
tensorflow/tensorflow,v2.6.5,0,2022-05-23 16:59:45.000,CVE-2022-23561,tensorflow,2.5.0,HIGH,CVSSv3.1,CVSS:3.1/AV:N/AC:L/PR:L/UI:N/S:U/C:H/I:H/A:H,8.8,5.9,2.8
tensorflow/tensorflow,v2.6.5,0,2022-05-23 16:59:45.000,CVE-2022-23559,tensorflow,2.5.0,HIGH,CVSSv3.1,CVSS:3.1/AV:N/AC:L/PR:L/UI:N/S:U/C:H/I:H/A:H,8.8,5.9,2.8
tensorflow/tensorflow,v2.6.5,0,2022-05-23 16:59:45.000,CVE-2023-25672,tensorflow,2.5.0,HIGH,CVSSv3.1,CVSS:3.1/AV:N/AC:L/PR:N/UI:N/S:U/C:N/I:N/A:H,7.5,3.6,3.9
tensorflow/tensorflow,v2.6.5,0,2022-05-23 16:59:45.000,CVE-2023-25659,tensorflow,2.5.0,HIGH,CVSSv3.1,CVSS:3.1/AV:N/AC:L/PR:N/UI:N/S:U/C:N/I:N/A:H,7.5,3.6,3.9
tensorflow/tensorflow,v2.6.5,0,2022-05-23 16:59:45.000,CVE-2022-23564,tensorflow,2.5.0,MEDIUM,CVSSv3.1,CVSS:3.1/AV:N/AC:L/PR:L/UI:N/S:U/C:N/I:N/A:H,6.5,3.6,2.8
tensorflow/tensorflow,v2.6.5,0,2022-05-23 16:59:45.000,CVE-2022-23587,tensorflow,2.5.0,CRITICAL,CVSSv3.1,CVSS:3.1/AV:N/AC:L/PR:N/UI:N/S:U/C:H/I:H/A:H,9.8,5.9,3.9
tensorflow/tensorflow,v2.6.5,0,2022-05-23 16:59:45.000,CVE-2022-23577,tensorflow,2.5.0,MEDIUM,CVSSv3.1,CVSS:3.1/AV:N/AC:L/PR:L/UI:N/S:U/C:N/I:N/A:H,6.5,3.6,2.8
tensorflow/tensorflow,v2.6.5,0,2022-05-23 16:59:45.000,CVE-2022-21735,tensorflow,2.5.0,MEDIUM,CVSSv3.1,CVSS:3.1/AV:N/AC:L/PR:L/UI:N/S:U/C:N/I:N/A:H,6.5,3.6,2.8
tensorflow/tensorflow,v2.6.5,0,2022-05-23 16:59:45.000,CVE-2021-37681,tensorflow,2.5.0,HIGH,CVSSv3.1,CVSS:3.1/AV:L/AC:L/PR:L/UI:N/S:U/C:H/I:H/A:H,7.8,5.9,1.8
tensorflow/tensorflow,v2.6.5,0,2022-05-23 16:59:45.000,CVE-2023-25675,tensorflow,2.5.0,HIGH,CVSSv3.1,CVSS:3.1/AV:N/AC:L/PR:N/UI:N/S:U/C:N/I:N/A:H,7.5,3.6,3.9
tensorflow/tensorflow,v2.6.5,0,2022-05-23 16:59:45.000,CVE-2021-41203,tensorflow,2.5.0,HIGH,CVSSv3.1,CVSS:3.1/AV:L/AC:L/PR:L/UI:N/S:U/C:H/I:H/A:H,7.8,5.9,1.8
tensorflow/tensorflow,v2.6.5,0,2022-05-23 16:59:45.000,CVE-2023-25662,tensorflow,2.5.0,HIGH,CVSSv3.1,CVSS:3.1/AV:N/AC:L/PR:N/UI:N/S:U/C:N/I:N/A:H,7.5,3.6,3.9
tensorflow/tensorflow,v2.6.5,0,2022-05-23 16:59:45.000,CVE-2021-37655,tensorflow,2.5.0,HIGH,CVSSv3.1,CVSS:3.1/AV:L/AC:L/PR:L/UI:N/S:U/C:H/I:L/A:H,7.3,5.5,1.8
tensorflow/tensorflow,v2.6.5,0,2022-05-23 16:59:45.000,CVE-2022-23574,tensorflow,2.5.0,HIGH,CVSSv3.1,CVSS:3.1/AV:N/AC:L/PR:L/UI:N/S:U/C:H/I:H/A:H,8.8,5.9,2.8
tensorflow/tensorflow,v2.6.5,0,2022-05-23 16:59:45.000,CVE-2022-29216,tensorflow,2.5.0,HIGH,CVSSv3.1,CVSS:3.1/AV:L/AC:L/PR:L/UI:N/S:U/C:H/I:H/A:H,7.8,5.9,1.8
tensorflow/tensorflow,v2.6.5,0,2022-05-23 16:59:45.000,CVE-2023-25676,tensorflow,2.5.0,HIGH,CVSSv3.1,CVSS:3.1/AV:N/AC:L/PR:N/UI:N/S:U/C:N/I:N/A:H,7.5,3.6,3.9
tensorflow/tensorflow,v2.6.5,0,2022-05-23 16:59:45.000,CVE-2023-25664,tensorflow,2.5.0,CRITICAL,CVSSv3.1,CVSS:3.1/AV:N/AC:L/PR:N/UI:N/S:U/C:H/I:H/A:H,9.8,5.9,3.9
tensorflow/tensorflow,v2.6.5,0,2022-05-23 16:59:45.000,CVE-2021-37649,tensorflow,2.5.0,MEDIUM,CVSSv3.1,CVSS:3.1/AV:L/AC:L/PR:L/UI:N/S:U/C:N/I:N/A:H,5.5,3.6,1.8
tensorflow/tensorflow,v2.6.5,0,2022-05-23 16:59:45.000,CVE-2022-21728,tensorflow,2.5.0,HIGH,CVSSv3.1,CVSS:3.1/AV:N/AC:L/PR:L/UI:N/S:U/C:H/I:N/A:H,8.1,5.2,2.8
tensorflow/tensorflow,v2.6.5,0,2022-05-23 16:59:45.000,CVE-2023-25658,tensorflow,2.5.0,HIGH,CVSSv3.1,CVSS:3.1/AV:N/AC:L/PR:N/UI:N/S:U/C:N/I:N/A:H,7.5,3.6,3.9
tensorflow/tensorflow,v2.6.5,0,2022-05-23 16:59:45.000,CVE-2023-25663,tensorflow,2.5.0,HIGH,CVSSv3.1,CVSS:3.1/AV:N/AC:L/PR:N/UI:N/S:U/C:N/I:N/A:H,7.5,3.6,3.9
tensorflow/tensorflow,v2.6.5,0,2022-05-23 16:59:45.000,CVE-2023-25673,tensorflow,2.5.0,HIGH,CVSSv3.1,CVSS:3.1/AV:N/AC:L/PR:N/UI:N/S:U/C:N/I:N/A:H,7.5,3.6,3.9
tensorflow/tensorflow,v2.6.5,0,2022-05-23 16:59:45.000,CVE-2022-23568,tensorflow,2.5.0,MEDIUM,CVSSv3.1,CVSS:3.1/AV:N/AC:L/PR:L/UI:N/S:U/C:N/I:N/A:H,6.5,3.6,2.8
tensorflow/tensorflow,v2.6.5,0,2022-05-23 16:59:45.000,CVE-2023-27579,tensorflow,2.5.0,HIGH,CVSSv3.1,CVSS:3.1/AV:N/AC:L/PR:N/UI:N/S:U/C:N/I:N/A:H,7.5,3.6,3.9
tensorflow/tensorflow,v2.6.5,0,2022-05-23 16:59:45.000,CVE-2022-23566,tensorflow,2.5.0,HIGH,CVSSv3.1,CVSS:3.1/AV:N/AC:L/PR:L/UI:N/S:U/C:H/I:H/A:H,8.8,5.9,2.8
tensorflow/tensorflow,v2.6.5,0,2022-05-23 16:59:45.000,CVE-2023-25665,tensorflow,2.5.0,HIGH,CVSSv3.1,CVSS:3.1/AV:N/AC:L/PR:N/UI:N/S:U/C:N/I:N/A:H,7.5,3.6,3.9
tensorflow/tensorflow,v2.6.5,0,2022-05-23 16:59:45.000,CVE-2022-23565,tensorflow,2.5.0,MEDIUM,CVSSv3.1,CVSS:3.1/AV:N/AC:L/PR:L/UI:N/S:U/C:N/I:N/A:H,6.5,3.6,2.8
tensorflow/tensorflow,v2.6.5,0,2022-05-23 16:59:45.000,CVE-2022-23560,tensorflow,2.5.0,HIGH,CVSSv3.1,CVSS:3.1/AV:N/AC:L/PR:L/UI:N/S:U/C:H/I:H/A:H,8.8,5.9,2.8
tensorflow/tensorflow,v2.6.5,0,2022-05-23 16:59:45.000,CVE-2021-41219,tensorflow,2.5.0,HIGH,CVSSv3.1,CVSS:3.1/AV:L/AC:L/PR:L/UI:N/S:U/C:H/I:H/A:H,7.8,5.9,1.8
tensorflow/tensorflow,v2.6.5,0,2022-05-23 16:59:45.000,CVE-2023-25670,tensorflow,2.5.0,HIGH,CVSSv3.1,CVSS:3.1/AV:N/AC:L/PR:N/UI:N/S:U/C:N/I:N/A:H,7.5,3.6,3.9
tensorflow/tensorflow,v2.6.5,0,2022-05-23 16:59:45.000,CVE-2022-21740,tensorflow,2.5.0,HIGH,CVSSv3.1,CVSS:3.1/AV:N/AC:L/PR:L/UI:N/S:U/C:H/I:H/A:H,8.8,5.9,2.8
tensorflow/tensorflow,v2.6.5,0,2022-05-23 16:59:45.000,CVE-2022-21741,tensorflow,2.5.0,MEDIUM,CVSSv3.1,CVSS:3.1/AV:N/AC:L/PR:L/UI:N/S:U/C:N/I:N/A:H,6.5,3.6,2.8
tensorflow/tensorflow,v2.6.5,0,2022-05-23 16:59:45.000,CVE-2022-21739,tensorflow,2.5.0,MEDIUM,CVSSv3.1,CVSS:3.1/AV:N/AC:L/PR:L/UI:N/S:U/C:N/I:N/A:H,6.5,3.6,2.8
tensorflow/tensorflow,v2.6.5,0,2022-05-23 16:59:45.000,CVE-2022-21729,tensorflow,2.5.0,MEDIUM,CVSSv3.1,CVSS:3.1/AV:N/AC:L/PR:L/UI:N/S:U/C:N/I:N/A:H,6.5,3.6,2.8
tensorflow/tensorflow,v2.6.5,0,2022-05-23 16:59:45.000,CVE-2021-37654,tensorflow,2.5.0,HIGH,CVSSv3.1,CVSS:3.1/AV:L/AC:L/PR:L/UI:N/S:U/C:H/I:N/A:H,7.1,5.2,1.8
tensorflow/tensorflow,v2.6.5,0,2022-05-23 16:59:45.000,CVE-2022-29208,tensorflow,2.5.0,HIGH,CVSSv3.1,CVSS:3.1/AV:L/AC:L/PR:L/UI:N/S:U/C:N/I:H/A:H,7.1,5.2,1.8
tensorflow/tensorflow,v2.6.5,0,2022-05-23 16:59:45.000,CVE-2021-37670,tensorflow,2.5.0,MEDIUM,CVSSv3.1,CVSS:3.1/AV:L/AC:L/PR:L/UI:N/S:U/C:H/I:N/A:N,5.5,3.6,1.8
tensorflow/tensorflow,v2.6.5,0,2022-05-23 16:59:45.000,CVE-2021-37640,tensorflow,2.5.0,MEDIUM,CVSSv3.1,CVSS:3.1/AV:L/AC:L/PR:L/UI:N/S:U/C:N/I:N/A:H,5.5,3.6,1.8
tensorflow/tensorflow,v2.6.5,0,2022-05-23 16:59:45.000,CVE-2022-29212,tensorflow,2.5.0,MEDIUM,CVSSv3.1,CVSS:3.1/AV:L/AC:L/PR:L/UI:N/S:U/C:N/I:N/A:H,5.5,3.6,1.8
tensorflow/tensorflow,v2.6.5,0,2022-05-23 16:59:45.000,CVE-2022-41880,tensorflow,2.5.0,CRITICAL,CVSSv3.1,CVSS:3.1/AV:N/AC:L/PR:N/UI:N/S:U/C:H/I:N/A:H,9.1,5.2,3.9
tensorflow/tensorflow,v2.6.5,0,2022-05-23 16:59:45.000,CVE-2022-23578,tensorflow,2.5.0,MEDIUM,CVSSv3.1,CVSS:3.1/AV:N/AC:L/PR:L/UI:N/S:U/C:N/I:N/A:L,4.3,1.4,2.8
tensorflow/tensorflow,v2.6.5,0,2022-05-23 16:59:45.000,CVE-2022-41887,tensorflow,2.5.0,HIGH,CVSSv3.1,CVSS:3.1/AV:N/AC:L/PR:N/UI:N/S:U/C:N/I:N/A:H,7.5,3.6,3.9
tensorflow/tensorflow,v2.6.5,0,2022-05-23 16:59:45.000,CVE-2022-35963,tensorflow,2.5.0,HIGH,CVSSv3.1,CVSS:3.1/AV:N/AC:L/PR:N/UI:N/S:U/C:N/I:N/A:H,7.5,3.6,3.9
tensorflow/tensorflow,v2.6.5,0,2022-05-23 16:59:45.000,CVE-2022-36013,tensorflow,2.5.0,HIGH,CVSSv3.1,CVSS:3.1/AV:N/AC:L/PR:N/UI:N/S:U/C:N/I:N/A:H,7.5,3.6,3.9
tensorflow/tensorflow,v2.6.5,0,2022-05-23 16:59:45.000,CVE-2021-41207,tensorflow,2.5.0,LOW,CVSSv2,AV:L/AC:L/Au:N/C:N/I:N/A:P,2.1,2.9,3.9
tensorflow/tensorflow,v2.6.5,0,2022-05-23 16:59:45.000,CVE-2021-41225,tensorflow,2.5.0,HIGH,CVSSv3.1,CVSS:3.1/AV:L/AC:L/PR:L/UI:N/S:U/C:H/I:H/A:H,7.8,5.9,1.8
tensorflow/tensorflow,v2.6.5,0,2022-05-23 16:59:45.000,CVE-2022-36014,tensorflow,2.5.0,HIGH,CVSSv3.1,CVSS:3.1/AV:N/AC:L/PR:N/UI:N/S:U/C:N/I:N/A:H,7.5,3.6,3.9
tensorflow/tensorflow,v2.6.5,0,2022-05-23 16:59:45.000,CVE-2021-37674,tensorflow,2.5.0,MEDIUM,CVSSv3.1,CVSS:3.1/AV:L/AC:L/PR:L/UI:N/S:U/C:N/I:N/A:H,5.5,3.6,1.8
tensorflow/tensorflow,v2.6.5,0,2022-05-23 16:59:45.000,CVE-2022-36027,tensorflow,2.5.0,HIGH,CVSSv3.1,CVSS:3.1/AV:N/AC:L/PR:N/UI:N/S:U/C:N/I:N/A:H,7.5,3.6,3.9
tensorflow/tensorflow,v2.6.5,0,2022-05-23 16:59:45.000,CVE-2021-41204,tensorflow,2.5.0,MEDIUM,CVSSv3.1,CVSS:3.1/AV:L/AC:L/PR:L/UI:N/S:U/C:N/I:N/A:H,5.5,3.6,1.8
tensorflow/tensorflow,v2.6.5,0,2022-05-23 16:59:45.000,CVE-2022-41885,tensorflow,2.5.0,HIGH,CVSSv3.1,CVSS:3.1/AV:N/AC:L/PR:N/UI:N/S:U/C:N/I:N/A:H,7.5,3.6,3.9
tensorflow/tensorflow,v2.6.5,0,2022-05-23 16:59:45.000,CVE-2022-41888,tensorflow,2.5.0,HIGH,CVSSv3.1,CVSS:3.1/AV:N/AC:L/PR:N/UI:N/S:U/C:N/I:N/A:H,7.5,3.6,3.9
tensorflow/tensorflow,v2.6.5,0,2022-05-23 16:59:45.000,CVE-2021-37658,tensorflow,2.5.0,HIGH,CVSSv3.1,CVSS:3.1/AV:L/AC:L/PR:L/UI:N/S:U/C:H/I:H/A:H,7.8,5.9,1.8
tensorflow/tensorflow,v2.6.5,0,2022-05-23 16:59:45.000,CVE-2021-41209,tensorflow,2.5.0,LOW,CVSSv2,AV:L/AC:L/Au:N/C:N/I:N/A:P,2.1,2.9,3.9
tensorflow/tensorflow,v2.6.5,0,2022-05-23 16:59:45.000,CVE-2022-35973,tensorflow,2.5.0,HIGH,CVSSv3.1,CVSS:3.1/AV:N/AC:L/PR:N/UI:N/S:U/C:N/I:N/A:H,7.5,3.6,3.9
tensorflow/tensorflow,v2.6.5,0,2022-05-23 16:59:45.000,CVE-2022-41893,tensorflow,2.5.0,HIGH,CVSSv3.1,CVSS:3.1/AV:N/AC:L/PR:N/UI:N/S:U/C:N/I:N/A:H,7.5,3.6,3.9
tensorflow/tensorflow,v2.6.5,0,2022-05-23 16:59:45.000,CVE-2022-41891,tensorflow,2.5.0,HIGH,CVSSv3.1,CVSS:3.1/AV:N/AC:L/PR:N/UI:N/S:U/C:N/I:N/A:H,7.5,3.6,3.9
tensorflow/tensorflow,v2.6.5,0,2022-05-23 16:59:45.000,CVE-2022-23580,tensorflow,2.5.0,MEDIUM,CVSSv3.1,CVSS:3.1/AV:N/AC:L/PR:L/UI:N/S:U/C:N/I:N/A:H,6.5,3.6,2.8
tensorflow/tensorflow,v2.6.5,0,2022-05-23 16:59:45.000,CVE-2021-37657,tensorflow,2.5.0,HIGH,CVSSv3.1,CVSS:3.1/AV:L/AC:L/PR:L/UI:N/S:U/C:H/I:H/A:H,7.8,5.9,1.8
tensorflow/tensorflow,v2.6.5,0,2022-05-23 16:59:45.000,CVE-2022-29207,tensorflow,2.5.0,MEDIUM,CVSSv3.1,CVSS:3.1/AV:L/AC:L/PR:L/UI:N/S:U/C:N/I:N/A:H,5.5,3.6,1.8
tensorflow/tensorflow,v2.6.5,0,2022-05-23 16:59:45.000,CVE-2022-29196,tensorflow,2.5.0,MEDIUM,CVSSv3.1,CVSS:3.1/AV:L/AC:L/PR:L/UI:N/S:U/C:N/I:N/A:H,5.5,3.6,1.8
tensorflow/tensorflow,v2.6.5,0,2022-05-23 16:59:45.000,CVE-2021-41199,tensorflow,2.5.0,MEDIUM,CVSSv3.1,CVSS:3.1/AV:L/AC:L/PR:L/UI:N/S:U/C:N/I:N/A:H,5.5,3.6,1.8
tensorflow/tensorflow,v2.6.5,0,2022-05-23 16:59:45.000,CVE-2021-37672,tensorflow,2.5.0,MEDIUM,CVSSv3.1,CVSS:3.1/AV:L/AC:L/PR:L/UI:N/S:U/C:H/I:N/A:N,5.5,3.6,1.8
tensorflow/tensorflow,v2.6.5,0,2022-05-23 16:59:45.000,CVE-2022-23579,tensorflow,2.5.0,MEDIUM,CVSSv3.1,CVSS:3.1/AV:N/AC:L/PR:L/UI:N/S:U/C:N/I:N/A:H,6.5,3.6,2.8
tensorflow/tensorflow,v2.6.5,0,2022-05-23 16:59:45.000,CVE-2021-41217,tensorflow,2.5.0,MEDIUM,CVSSv3.1,CVSS:3.1/AV:L/AC:L/PR:L/UI:N/S:U/C:N/I:N/A:H,5.5,3.6,1.8
tensorflow/tensorflow,v2.6.5,0,2022-05-23 16:59:45.000,CVE-2022-29213,tensorflow,2.5.0,MEDIUM,CVSSv3.1,CVSS:3.1/AV:L/AC:L/PR:L/UI:N/S:U/C:N/I:N/A:H,5.5,3.6,1.8
tensorflow/tensorflow,v2.6.5,0,2022-05-23 16:59:45.000,CVE-2022-41886,tensorflow,2.5.0,HIGH,CVSSv3.1,CVSS:3.1/AV:N/AC:L/PR:N/UI:N/S:U/C:N/I:N/A:H,7.5,3.6,3.9
tensorflow/tensorflow,v2.6.5,0,2022-05-23 16:59:45.000,CVE-2022-29205,tensorflow,2.5.0,MEDIUM,CVSSv3.1,CVSS:3.1/AV:L/AC:L/PR:L/UI:N/S:U/C:N/I:N/A:H,5.5,3.6,1.8
tensorflow/tensorflow,v2.6.5,0,2022-05-23 16:59:45.000,CVE-2021-37656,tensorflow,2.5.0,HIGH,CVSSv3.1,CVSS:3.1/AV:L/AC:L/PR:L/UI:N/S:U/C:H/I:H/A:H,7.8,5.9,1.8
tensorflow/tensorflow,v2.6.5,0,2022-05-23 16:59:45.000,CVE-2022-35966,tensorflow,2.5.0,HIGH,CVSSv3.1,CVSS:3.1/AV:N/AC:L/PR:N/UI:N/S:U/C:N/I:N/A:H,7.5,3.6,3.9
tensorflow/tensorflow,v2.6.5,0,2022-05-23 16:59:45.000,CVE-2022-35972,tensorflow,2.5.0,HIGH,CVSSv3.1,CVSS:3.1/AV:N/AC:L/PR:N/UI:N/S:U/C:N/I:N/A:H,7.5,3.6,3.9
tensorflow/tensorflow,v2.6.5,0,2022-05-23 16:59:45.000,CVE-2022-23582,tensorflow,2.5.0,MEDIUM,CVSSv3.1,CVSS:3.1/AV:N/AC:L/PR:L/UI:N/S:U/C:N/I:N/A:H,6.5,3.6,2.8
tensorflow/tensorflow,v2.6.5,0,2022-05-23 16:59:45.000,CVE-2021-37682,tensorflow,2.5.0,HIGH,CVSSv3.1,CVSS:3.1/AV:L/AC:L/PR:L/UI:N/S:U/C:N/I:H/A:H,7.1,5.2,1.8
tensorflow/tensorflow,v2.6.5,0,2022-05-23 16:59:45.000,CVE-2021-41205,tensorflow,2.5.0,HIGH,CVSSv3.1,CVSS:3.1/AV:L/AC:L/PR:L/UI:N/S:U/C:H/I:N/A:H,7.1,5.2,1.8
tensorflow/tensorflow,v2.6.5,0,2022-05-23 16:59:45.000,CVE-2022-23586,tensorflow,2.5.0,MEDIUM,CVSSv3.1,CVSS:3.1/AV:N/AC:L/PR:L/UI:N/S:U/C:N/I:N/A:H,6.5,3.6,2.8
tensorflow/tensorflow,v2.6.5,0,2022-05-23 16:59:45.000,CVE-2021-41228,tensorflow,2.5.0,HIGH,CVSSv3.1,CVSS:3.1/AV:L/AC:L/PR:L/UI:N/S:U/C:H/I:H/A:H,7.8,5.9,1.8
tensorflow/tensorflow,v2.6.5,0,2022-05-23 16:59:45.000,CVE-2021-37690,tensorflow,2.5.0,MEDIUM,CVSSv3.1,CVSS:3.1/AV:L/AC:L/PR:L/UI:N/S:U/C:L/I:L/A:H,6.6,4.7,1.8
tensorflow/tensorflow,v2.6.5,0,2022-05-23 16:59:45.000,CVE-2021-41216,tensorflow,2.5.0,HIGH,CVSSv3.1,CVSS:3.1/AV:L/AC:L/PR:L/UI:N/S:U/C:H/I:H/A:H,7.8,5.9,1.8
tensorflow/tensorflow,v2.6.5,0,2022-05-23 16:59:45.000,CVE-2022-35982,tensorflow,2.5.0,HIGH,CVSSv3.1,CVSS:3.1/AV:N/AC:L/PR:N/UI:N/S:U/C:N/I:N/A:H,7.5,3.6,3.9
tensorflow/tensorflow,v2.6.5,0,2022-05-23 16:59:45.000,CVE-2022-35999,tensorflow,2.5.0,HIGH,CVSSv3.1,CVSS:3.1/AV:N/AC:L/PR:N/UI:N/S:U/C:N/I:N/A:H,7.5,3.6,3.9
tensorflow/tensorflow,v2.6.5,0,2022-05-23 16:59:45.000,CVE-2021-41226,tensorflow,2.5.0,HIGH,CVSSv3.1,CVSS:3.1/AV:L/AC:L/PR:L/UI:N/S:U/C:H/I:N/A:H,7.1,5.2,1.8
tensorflow/tensorflow,v2.6.5,0,2022-05-23 16:59:45.000,CVE-2022-41907,tensorflow,2.5.0,HIGH,CVSSv3.1,CVSS:3.1/AV:N/AC:L/PR:N/UI:N/S:U/C:N/I:N/A:H,7.5,3.6,3.9
tensorflow/tensorflow,v2.6.5,0,2022-05-23 16:59:45.000,CVE-2021-37668,tensorflow,2.5.0,MEDIUM,CVSSv3.1,CVSS:3.1/AV:L/AC:L/PR:L/UI:N/S:U/C:N/I:N/A:H,5.5,3.6,1.8
tensorflow/tensorflow,v2.6.5,0,2022-05-23 16:59:45.000,CVE-2022-29200,tensorflow,2.5.0,MEDIUM,CVSSv3.1,CVSS:3.1/AV:L/AC:L/PR:L/UI:N/S:U/C:N/I:N/A:H,5.5,3.6,1.8
tensorflow/tensorflow,v2.6.5,0,2022-05-23 16:59:45.000,CVE-2022-29193,tensorflow,2.5.0,MEDIUM,CVSSv3.1,CVSS:3.1/AV:L/AC:L/PR:L/UI:N/S:U/C:N/I:N/A:H,5.5,3.6,1.8
tensorflow/tensorflow,v2.6.5,0,2022-05-23 16:59:45.000,CVE-2021-41198,tensorflow,2.5.0,MEDIUM,CVSSv3.1,CVSS:3.1/AV:L/AC:L/PR:L/UI:N/S:U/C:N/I:N/A:H,5.5,3.6,1.8
tensorflow/tensorflow,v2.6.5,0,2022-05-23 16:59:45.000,CVE-2022-41899,tensorflow,2.5.0,HIGH,CVSSv3.1,CVSS:3.1/AV:N/AC:L/PR:N/UI:N/S:U/C:N/I:N/A:H,7.5,3.6,3.9
tensorflow/tensorflow,v2.6.5,0,2022-05-23 16:59:45.000,CVE-2021-37691,tensorflow,2.5.0,MEDIUM,CVSSv3.1,CVSS:3.1/AV:L/AC:L/PR:L/UI:N/S:U/C:N/I:N/A:H,5.5,3.6,1.8
tensorflow/tensorflow,v2.6.5,0,2022-05-23 16:59:45.000,CVE-2021-37644,tensorflow,2.5.0,MEDIUM,CVSSv3.1,CVSS:3.1/AV:L/AC:L/PR:L/UI:N/S:U/C:N/I:N/A:H,5.5,3.6,1.8
tensorflow/tensorflow,v2.6.5,0,2022-05-23 16:59:45.000,CVE-2021-37673,tensorflow,2.5.0,MEDIUM,CVSSv3.1,CVSS:3.1/AV:L/AC:L/PR:L/UI:N/S:U/C:N/I:N/A:H,5.5,3.6,1.8
tensorflow/tensorflow,v2.6.5,0,2022-05-23 16:59:45.000,CVE-2022-35968,tensorflow,2.5.0,HIGH,CVSSv3.1,CVSS:3.1/AV:N/AC:L/PR:N/UI:N/S:U/C:N/I:N/A:H,7.5,3.6,3.9
tensorflow/tensorflow,v2.6.5,0,2022-05-23 16:59:45.000,CVE-2022-36015,tensorflow,2.5.0,HIGH,CVSSv3.1,CVSS:3.1/AV:N/AC:L/PR:N/UI:N/S:U/C:N/I:N/A:H,7.5,3.6,3.9
tensorflow/tensorflow,v2.6.5,0,2022-05-23 16:59:45.000,CVE-2022-36016,tensorflow,2.5.0,HIGH,CVSSv3.1,CVSS:3.1/AV:N/AC:L/PR:N/UI:N/S:U/C:N/I:N/A:H,7.5,3.6,3.9
tensorflow/tensorflow,v2.6.5,0,2022-05-23 16:59:45.000,CVE-2022-29197,tensorflow,2.5.0,MEDIUM,CVSSv3.1,CVSS:3.1/AV:L/AC:L/PR:L/UI:N/S:U/C:N/I:N/A:H,5.5,3.6,1.8
tensorflow/tensorflow,v2.6.5,0,2022-05-23 16:59:45.000,CVE-2022-41898,tensorflow,2.5.0,HIGH,CVSSv3.1,CVSS:3.1/AV:N/AC:L/PR:N/UI:N/S:U/C:N/I:N/A:H,7.5,3.6,3.9
tensorflow/tensorflow,v2.6.5,0,2022-05-23 16:59:45.000,CVE-2021-37636,tensorflow,2.5.0,MEDIUM,CVSSv3.1,CVSS:3.1/AV:L/AC:L/PR:L/UI:N/S:U/C:N/I:N/A:H,5.5,3.6,1.8
tensorflow/tensorflow,v2.6.5,0,2022-05-23 16:59:45.000,CVE-2022-35990,tensorflow,2.5.0,HIGH,CVSSv3.1,CVSS:3.1/AV:N/AC:L/PR:N/UI:N/S:U/C:N/I:N/A:H,7.5,3.6,3.9
tensorflow/tensorflow,v2.6.5,0,2022-05-23 16:59:45.000,CVE-2021-37646,tensorflow,2.5.0,MEDIUM,CVSSv3.1,CVSS:3.1/AV:L/AC:L/PR:L/UI:N/S:U/C:N/I:N/A:H,5.5,3.6,1.8
tensorflow/tensorflow,v2.6.5,0,2022-05-23 16:59:45.000,CVE-2021-41213,tensorflow,2.5.0,MEDIUM,CVSSv3.1,CVSS:3.1/AV:L/AC:L/PR:N/UI:R/S:U/C:N/I:N/A:H,5.5,3.6,1.8
tensorflow/tensorflow,v2.6.5,0,2022-05-23 16:59:45.000,CVE-2022-35952,tensorflow,2.5.0,HIGH,CVSSv3.1,CVSS:3.1/AV:N/AC:L/PR:N/UI:N/S:U/C:N/I:N/A:H,7.5,3.6,3.9
tensorflow/tensorflow,v2.6.5,0,2022-05-23 16:59:45.000,CVE-2022-29194,tensorflow,2.5.0,MEDIUM,CVSSv3.1,CVSS:3.1/AV:L/AC:L/PR:L/UI:N/S:U/C:N/I:N/A:H,5.5,3.6,1.8
tensorflow/tensorflow,v2.6.5,0,2022-05-23 16:59:45.000,CVE-2022-29195,tensorflow,2.5.0,MEDIUM,CVSSv3.1,CVSS:3.1/AV:L/AC:L/PR:L/UI:N/S:U/C:N/I:N/A:H,5.5,3.6,1.8
tensorflow/tensorflow,v2.6.5,0,2022-05-23 16:59:45.000,CVE-2022-29192,tensorflow,2.5.0,MEDIUM,CVSSv3.1,CVSS:3.1/AV:L/AC:L/PR:L/UI:N/S:U/C:N/I:N/A:H,5.5,3.6,1.8
tensorflow/tensorflow,v2.6.5,0,2022-05-23 16:59:45.000,CVE-2022-41890,tensorflow,2.5.0,HIGH,CVSSv3.1,CVSS:3.1/AV:N/AC:L/PR:N/UI:N/S:U/C:N/I:N/A:H,7.5,3.6,3.9
tensorflow/tensorflow,v2.6.5,0,2022-05-23 16:59:45.000,CVE-2022-41895,tensorflow,2.5.0,HIGH,CVSSv3.1,CVSS:3.1/AV:N/AC:L/PR:N/UI:N/S:U/C:N/I:N/A:H,7.5,3.6,3.9
tensorflow/tensorflow,v2.6.5,0,2022-05-23 16:59:45.000,CVE-2022-23583,tensorflow,2.5.0,MEDIUM,CVSSv3.1,CVSS:3.1/AV:N/AC:L/PR:L/UI:N/S:U/C:N/I:N/A:H,6.5,3.6,2.8
tensorflow/tensorflow,v2.6.5,0,2022-05-23 16:59:45.000,CVE-2021-41200,tensorflow,2.5.0,MEDIUM,CVSSv3.1,CVSS:3.1/AV:L/AC:L/PR:L/UI:N/S:U/C:N/I:N/A:H,5.5,3.6,1.8
tensorflow/tensorflow,v2.6.5,0,2022-05-23 16:59:45.000,CVE-2021-37661,tensorflow,2.5.0,MEDIUM,CVSSv3.1,CVSS:3.1/AV:L/AC:L/PR:L/UI:N/S:U/C:N/I:N/A:H,5.5,3.6,1.8
tensorflow/tensorflow,v2.6.5,0,2022-05-23 16:59:45.000,CVE-2022-35995,tensorflow,2.5.0,HIGH,CVSSv3.1,CVSS:3.1/AV:N/AC:L/PR:N/UI:N/S:U/C:N/I:N/A:H,7.5,3.6,3.9
tensorflow/tensorflow,v2.6.5,0,2022-05-23 16:59:45.000,CVE-2022-41901,tensorflow,2.5.0,HIGH,CVSSv3.1,CVSS:3.1/AV:N/AC:L/PR:N/UI:N/S:U/C:N/I:N/A:H,7.5,3.6,3.9
tensorflow/tensorflow,v2.6.5,0,2022-05-23 16:59:45.000,CVE-2022-35970,tensorflow,2.5.0,HIGH,CVSSv3.1,CVSS:3.1/AV:N/AC:L/PR:N/UI:N/S:U/C:N/I:N/A:H,7.5,3.6,3.9
tensorflow/tensorflow,v2.6.5,0,2022-05-23 16:59:45.000,CVE-2023-25661,tensorflow,2.5.0,MEDIUM,CVSSv3.1,CVSS:3.1/AV:N/AC:L/PR:L/UI:N/S:U/C:N/I:N/A:H,6.5,3.6,2.8
tensorflow/tensorflow,v2.6.5,0,2022-05-23 16:59:45.000,CVE-2022-23588,tensorflow,2.5.0,MEDIUM,CVSSv3.1,CVSS:3.1/AV:N/AC:L/PR:L/UI:N/S:U/C:N/I:N/A:H,6.5,3.6,2.8
tensorflow/tensorflow,v2.6.5,0,2022-05-23 16:59:45.000,CVE-2022-36011,tensorflow,2.5.0,HIGH,CVSSv3.1,CVSS:3.1/AV:N/AC:L/PR:N/UI:N/S:U/C:N/I:N/A:H,7.5,3.6,3.9
tensorflow/tensorflow,v2.6.5,0,2022-05-23 16:59:45.000,CVE-2022-29191,tensorflow,2.5.0,MEDIUM,CVSSv3.1,CVSS:3.1/AV:L/AC:L/PR:L/UI:N/S:U/C:N/I:N/A:H,5.5,3.6,1.8
tensorflow/tensorflow,v2.6.5,0,2022-05-23 16:59:45.000,CVE-2022-41910,tensorflow,2.5.0,CRITICAL,CVSSv3.1,CVSS:3.1/AV:N/AC:L/PR:N/UI:N/S:U/C:H/I:N/A:H,9.1,5.2,3.9
tensorflow/tensorflow,v2.6.5,0,2022-05-23 16:59:45.000,CVE-2022-36000,tensorflow,2.5.0,HIGH,CVSSv3.1,CVSS:3.1/AV:N/AC:L/PR:N/UI:N/S:U/C:N/I:N/A:H,7.5,3.6,3.9
tensorflow/tensorflow,v2.6.5,0,2022-05-23 16:59:45.000,CVE-2023-25667,tensorflow,2.5.0,HIGH,CVSSv3.1,CVSS:3.1/AV:N/AC:L/PR:N/UI:N/S:U/C:N/I:N/A:H,7.5,3.6,3.9
tensorflow/tensorflow,v2.6.5,0,2022-05-23 16:59:45.000,CVE-2022-23581,tensorflow,2.5.0,MEDIUM,CVSSv3.1,CVSS:3.1/AV:N/AC:L/PR:L/UI:N/S:U/C:N/I:N/A:H,6.5,3.6,2.8
tensorflow/tensorflow,v2.6.5,0,2022-05-23 16:59:45.000,CVE-2022-23585,tensorflow,2.5.0,MEDIUM,CVSSv3.1,CVSS:3.1/AV:N/AC:L/PR:L/UI:N/S:U/C:N/I:N/A:H,6.5,3.6,2.8
tensorflow/tensorflow,v2.6.5,0,2022-05-23 16:59:45.000,CVE-2022-23595,tensorflow,2.5.0,MEDIUM,CVSSv3.1,CVSS:3.1/AV:N/AC:L/PR:L/UI:N/S:U/C:N/I:N/A:H,6.5,3.6,2.8
tensorflow/tensorflow,v2.6.5,0,2022-05-23 16:59:45.000,CVE-2022-35994,tensorflow,2.5.0,HIGH,CVSSv3.1,CVSS:3.1/AV:N/AC:L/PR:N/UI:N/S:U/C:N/I:N/A:H,7.5,3.6,3.9
tensorflow/tensorflow,v2.6.5,0,2022-05-23 16:59:45.000,CVE-2022-35964,tensorflow,2.5.0,HIGH,CVSSv3.1,CVSS:3.1/AV:N/AC:L/PR:N/UI:N/S:U/C:N/I:N/A:H,7.5,3.6,3.9
tensorflow/tensorflow,v2.6.5,0,2022-05-23 16:59:45.000,CVE-2021-37662,tensorflow,2.5.0,HIGH,CVSSv3.1,CVSS:3.1/AV:L/AC:L/PR:L/UI:N/S:U/C:H/I:H/A:H,7.8,5.9,1.8
tensorflow/tensorflow,v2.6.5,0,2022-05-23 16:59:45.000,CVE-2021-41223,tensorflow,2.5.0,HIGH,CVSSv3.1,CVSS:3.1/AV:L/AC:L/PR:L/UI:N/S:U/C:H/I:N/A:H,7.1,5.2,1.8
tensorflow/tensorflow,v2.6.5,0,2022-05-23 16:59:45.000,CVE-2022-35934,tensorflow,2.5.0,HIGH,CVSSv3.1,CVSS:3.1/AV:N/AC:L/PR:N/UI:N/S:U/C:N/I:N/A:H,7.5,3.6,3.9
tensorflow/tensorflow,v2.6.5,0,2022-05-23 16:59:45.000,CVE-2022-29209,tensorflow,2.5.0,MEDIUM,CVSSv3.1,CVSS:3.1/AV:L/AC:L/PR:L/UI:N/S:U/C:N/I:N/A:H,5.5,3.6,1.8
tensorflow/tensorflow,v2.6.5,0,2022-05-23 16:59:45.000,CVE-2022-41897,tensorflow,2.5.0,HIGH,CVSSv3.1,CVSS:3.1/AV:N/AC:L/PR:N/UI:N/S:U/C:N/I:N/A:H,7.5,3.6,3.9
tensorflow/tensorflow,v2.6.5,0,2022-05-23 16:59:45.000,CVE-2022-29202,tensorflow,2.5.0,MEDIUM,CVSSv3.1,CVSS:3.1/AV:L/AC:L/PR:L/UI:N/S:U/C:N/I:N/A:H,5.5,3.6,1.8
tensorflow/tensorflow,v2.6.5,0,2022-05-23 16:59:45.000,CVE-2022-36003,tensorflow,2.5.0,HIGH,CVSSv3.1,CVSS:3.1/AV:N/AC:L/PR:N/UI:N/S:U/C:N/I:N/A:H,7.5,3.6,3.9
tensorflow/tensorflow,v2.6.5,0,2022-05-23 16:59:45.000,CVE-2021-41195,tensorflow,2.5.0,MEDIUM,CVSSv3.1,CVSS:3.1/AV:L/AC:L/PR:L/UI:N/S:U/C:N/I:N/A:H,5.5,3.6,1.8
tensorflow/tensorflow,v2.6.5,0,2022-05-23 16:59:45.000,CVE-2021-41222,tensorflow,2.5.0,LOW,CVSSv2,AV:L/AC:L/Au:N/C:N/I:N/A:P,2.1,2.9,3.9
tensorflow/tensorflow,v2.6.5,0,2022-05-23 16:59:45.000,CVE-2021-37692,tensorflow,2.5.0,MEDIUM,CVSSv3.1,CVSS:3.1/AV:L/AC:L/PR:L/UI:N/S:U/C:N/I:N/A:H,5.5,3.6,1.8
tensorflow/tensorflow,v2.6.5,0,2022-05-23 16:59:45.000,CVE-2021-37660,tensorflow,2.5.0,MEDIUM,CVSSv3.1,CVSS:3.1/AV:L/AC:L/PR:L/UI:N/S:U/C:N/I:N/A:H,5.5,3.6,1.8
tensorflow/tensorflow,v2.6.5,0,2022-05-23 16:59:45.000,CVE-2021-37642,tensorflow,2.5.0,MEDIUM,CVSSv3.1,CVSS:3.1/AV:L/AC:L/PR:L/UI:N/S:U/C:N/I:N/A:H,5.5,3.6,1.8
tensorflow/tensorflow,v2.6.5,0,2022-05-23 16:59:45.000,CVE-2021-37680,tensorflow,2.5.0,MEDIUM,CVSSv3.1,CVSS:3.1/AV:L/AC:L/PR:L/UI:N/S:U/C:N/I:N/A:H,5.5,3.6,1.8
tensorflow/tensorflow,v2.6.5,0,2022-05-23 16:59:45.000,CVE-2022-21732,tensorflow,2.5.0,MEDIUM,CVSSv3.1,CVSS:3.1/AV:N/AC:L/PR:L/UI:N/S:U/C:N/I:N/A:H,6.5,3.6,2.8
tensorflow/tensorflow,v2.6.5,0,2022-05-23 16:59:45.000,CVE-2021-37685,tensorflow,2.5.0,MEDIUM,CVSSv3.1,CVSS:3.1/AV:L/AC:L/PR:L/UI:N/S:U/C:H/I:N/A:N,5.5,3.6,1.8
tensorflow/tensorflow,v2.6.5,0,2022-05-23 16:59:45.000,CVE-2021-37645,tensorflow,2.5.0,MEDIUM,CVSSv3.1,CVSS:3.1/AV:L/AC:L/PR:L/UI:N/S:U/C:N/I:N/A:H,5.5,3.6,1.8
tensorflow/tensorflow,v2.6.5,0,2022-05-23 16:59:45.000,CVE-2022-35988,tensorflow,2.5.0,HIGH,CVSSv3.1,CVSS:3.1/AV:N/AC:L/PR:N/UI:N/S:U/C:N/I:N/A:H,7.5,3.6,3.9
tensorflow/tensorflow,v2.6.5,0,2022-05-23 16:59:45.000,CVE-2022-35992,tensorflow,2.5.0,HIGH,CVSSv3.1,CVSS:3.1/AV:N/AC:L/PR:N/UI:N/S:U/C:N/I:N/A:H,7.5,3.6,3.9
tensorflow/tensorflow,v2.6.5,0,2022-05-23 16:59:45.000,CVE-2022-23589,tensorflow,2.5.0,MEDIUM,CVSSv3.1,CVSS:3.1/AV:N/AC:L/PR:L/UI:N/S:U/C:N/I:N/A:H,6.5,3.6,2.8
tensorflow/tensorflow,v2.6.5,0,2022-05-23 16:59:45.000,CVE-2022-36019,tensorflow,2.5.0,HIGH,CVSSv3.1,CVSS:3.1/AV:N/AC:L/PR:N/UI:N/S:U/C:N/I:N/A:H,7.5,3.6,3.9
tensorflow/tensorflow,v2.6.5,0,2022-05-23 16:59:45.000,CVE-2022-35971,tensorflow,2.5.0,HIGH,CVSSv3.1,CVSS:3.1/AV:N/AC:L/PR:N/UI:N/S:U/C:N/I:N/A:H,7.5,3.6,3.9
tensorflow/tensorflow,v2.6.5,0,2022-05-23 16:59:45.000,CVE-2021-41218,tensorflow,2.5.0,MEDIUM,CVSSv3.1,CVSS:3.1/AV:L/AC:L/PR:L/UI:N/S:U/C:N/I:N/A:H,5.5,3.6,1.8
tensorflow/tensorflow,v2.6.5,0,2022-05-23 16:59:45.000,CVE-2022-36026,tensorflow,2.5.0,HIGH,CVSSv3.1,CVSS:3.1/AV:N/AC:L/PR:N/UI:N/S:U/C:N/I:N/A:H,7.5,3.6,3.9
tensorflow/tensorflow,v2.6.5,0,2022-05-23 16:59:45.000,CVE-2021-37641,tensorflow,2.5.0,HIGH,CVSSv3.1,CVSS:3.1/AV:L/AC:L/PR:L/UI:N/S:U/C:H/I:N/A:H,7.1,5.2,1.8
tensorflow/tensorflow,v2.6.5,0,2022-05-23 16:59:45.000,CVE-2021-37675,tensorflow,2.5.0,MEDIUM,CVSSv3.1,CVSS:3.1/AV:L/AC:L/PR:L/UI:N/S:U/C:N/I:N/A:H,5.5,3.6,1.8
tensorflow/tensorflow,v2.6.5,0,2022-05-23 16:59:45.000,CVE-2022-35985,tensorflow,2.5.0,HIGH,CVSSv3.1,CVSS:3.1/AV:N/AC:L/PR:N/UI:N/S:U/C:N/I:N/A:H,7.5,3.6,3.9
tensorflow/tensorflow,v2.6.5,0,2022-05-23 16:59:45.000,CVE-2022-21733,tensorflow,2.5.0,MEDIUM,CVSSv3.1,CVSS:3.1/AV:N/AC:L/PR:L/UI:N/S:U/C:N/I:N/A:H,6.5,3.6,2.8
tensorflow/tensorflow,v2.6.5,0,2022-05-23 16:59:45.000,CVE-2022-35935,tensorflow,2.5.0,HIGH,CVSSv3.1,CVSS:3.1/AV:N/AC:L/PR:N/UI:N/S:U/C:N/I:N/A:H,7.5,3.6,3.9
tensorflow/tensorflow,v2.6.5,0,2022-05-23 16:59:45.000,CVE-2021-37404,hadoop-common,2.6.0,CRITICAL,CVSSv3.1,CVSS:3.1/AV:N/AC:L/PR:N/UI:N/S:U/C:H/I:H/A:H,9.8,5.9,3.9
tensorflow/tensorflow,v2.6.5,0,2022-05-23 16:59:45.000,CVE-2022-26612,hadoop-common,2.6.0,CRITICAL,CVSSv3.1,CVSS:3.1/AV:N/AC:L/PR:N/UI:N/S:U/C:H/I:H/A:H,9.8,5.9,3.9
tensorflow/tensorflow,v2.6.5,0,2022-05-23 16:59:45.000,CVE-2022-25168,hadoop-common,2.6.0,CRITICAL,CVSSv3.1,CVSS:3.1/AV:N/AC:L/PR:N/UI:N/S:U/C:H/I:H/A:H,9.8,5.9,3.9
tensorflow/tensorflow,v2.6.5,0,2022-05-23 16:59:45.000,CVE-2016-6811,hadoop-common,2.6.0,HIGH,CVSSv3.1,CVSS:3.0/AV:N/AC:L/PR:L/UI:N/S:U/C:H/I:H/A:H,8.8,5.9,2.8
tensorflow/tensorflow,v2.6.5,0,2022-05-23 16:59:45.000,CVE-2017-7669,hadoop-common,2.6.0,HIGH,CVSSv3.1,CVSS:3.0/AV:N/AC:H/PR:L/UI:N/S:U/C:H/I:H/A:H,7.5,5.9,1.6
tensorflow/tensorflow,v2.6.5,0,2022-05-23 16:59:45.000,CVE-2020-9492,hadoop-common,2.6.0,HIGH,CVSSv3.1,CVSS:3.1/AV:N/AC:L/PR:L/UI:N/S:U/C:H/I:H/A:H,8.8,5.9,2.8
tensorflow/tensorflow,v2.6.5,0,2022-05-23 16:59:45.000,CVE-2016-5393,hadoop-common,2.6.0,HIGH,CVSSv3.1,CVSS:3.0/AV:N/AC:L/PR:L/UI:N/S:U/C:H/I:H/A:H,8.8,5.9,2.8
tensorflow/tensorflow,v2.6.5,0,2022-05-23 16:59:45.000,CVE-2015-1776,hadoop-common,2.6.0,MEDIUM,CVSSv3.1,CVSS:3.0/AV:L/AC:L/PR:N/UI:N/S:U/C:H/I:N/A:N,6.2,3.6,2.5
tensorflow/tensorflow,v2.6.5,0,2022-05-23 16:59:45.000,CVE-2016-5001,hadoop-common,2.6.0,MEDIUM,CVSSv3.1,CVSS:3.0/AV:L/AC:L/PR:L/UI:N/S:U/C:H/I:N/A:N,5.5,3.6,1.8
tensorflow/tensorflow,v2.6.5,0,2022-05-23 16:59:45.000,CVE-2024-23454,hadoop-common,2.6.0,N/A,N/A,N/A,0,0,0
tensorflow/tensorflow,v2.6.5,0,2022-05-23 16:59:45.000,CVE-2021-41495,numpy,1.16.2,MEDIUM,CVSSv3.1,CVSS:3.1/AV:N/AC:H/PR:L/UI:N/S:U/C:N/I:N/A:H,5.3,3.6,1.6
tensorflow/tensorflow,v2.6.5,0,2022-05-23 16:59:45.000,CVE-2021-34141,numpy,1.16.2,MEDIUM,CVSSv3.1,CVSS:3.1/AV:N/AC:L/PR:N/UI:N/S:U/C:N/I:N/A:L,5.3,1.4,3.9
tensorflow/tensorflow,v2.6.5,0,2022-05-23 16:59:45.000,CVE-2021-41496,numpy,1.16.2,MEDIUM,CVSSv3.1,CVSS:3.1/AV:L/AC:L/PR:L/UI:N/S:U/C:N/I:N/A:H,5.5,3.6,1.8
tensorflow/tensorflow,v2.6.5,0,2022-05-23 16:59:45.000,CVE-2021-33430,numpy,1.16.2,MEDIUM,CVSSv3.1,CVSS:3.1/AV:N/AC:H/PR:L/UI:N/S:U/C:N/I:N/A:H,5.3,3.6,1.6
tensorflow/tensorflow,v2.6.5,0,2022-05-23 16:59:45.000,CVE-2021-22569,protobuf-java,3.9.2,MEDIUM,CVSSv3.1,CVSS:3.1/AV:L/AC:L/PR:N/UI:R/S:U/C:N/I:N/A:H,5.5,3.6,1.8
tensorflow/tensorflow,v2.6.5,0,2022-05-23 16:59:45.000,CVE-2022-3509,protobuf-java,3.9.2,HIGH,CVSSv3.1,CVSS:3.1/AV:N/AC:L/PR:N/UI:N/S:U/C:N/I:N/A:H,7.5,3.6,3.9
tensorflow/tensorflow,v2.6.5,0,2022-05-23 16:59:45.000,CVE-2021-22570,protobuf-java,3.9.2,MEDIUM,CVSSv3.1,CVSS:3.1/AV:L/AC:L/PR:L/UI:N/S:U/C:N/I:N/A:H,5.5,3.6,1.8
tensorflow/tensorflow,v2.6.5,0,2022-05-23 16:59:45.000,CVE-2024-7254,protobuf-java,3.9.2,N/A,N/A,N/A,0,0,0
tensorflow/tensorflow,v2.6.5,0,2022-05-23 16:59:45.000,CVE-2022-3510,protobuf-java,3.9.2,HIGH,CVSSv3.1,CVSS:3.1/AV:N/AC:L/PR:N/UI:N/S:U/C:N/I:N/A:H,7.5,3.6,3.9
tensorflow/tensorflow,v2.6.5,0,2022-05-23 16:59:45.000,CVE-2022-3171,protobuf-java,3.9.2,HIGH,CVSSv3.1,CVSS:3.1/AV:N/AC:L/PR:N/UI:N/S:U/C:N/I:N/A:H,7.5,3.6,3.9
tensorflow/tensorflow,v2.6.5,0,2022-05-23 16:59:45.000,CVE-2018-17190,spark-core_2.11,2.4.5,CRITICAL,CVSSv3.1,CVSS:3.0/AV:N/AC:L/PR:N/UI:N/S:U/C:H/I:H/A:H,9.8,5.9,3.9
tensorflow/tensorflow,v2.6.5,0,2022-05-23 16:59:45.000,CVE-2023-25668,tensorflow,2.5.0,CRITICAL,CVSSv3.1,CVSS:3.1/AV:N/AC:L/PR:N/UI:N/S:U/C:H/I:H/A:H,9.8,5.9,3.9
tensorflow/tensorflow,v2.6.5,0,2022-05-23 16:59:45.000,CVE-2021-41208,tensorflow,2.5.0,HIGH,CVSSv3.1,CVSS:3.1/AV:L/AC:L/PR:L/UI:N/S:U/C:H/I:H/A:H,7.8,5.9,1.8
tensorflow/tensorflow,v2.6.5,0,2022-05-23 16:59:45.000,CVE-2022-41900,tensorflow,2.5.0,CRITICAL,CVSSv3.1,CVSS:3.1/AV:N/AC:L/PR:N/UI:N/S:U/C:H/I:H/A:H,9.8,5.9,3.9
tensorflow/tensorflow,v2.6.5,0,2022-05-23 16:59:45.000,CVE-2022-21738,tensorflow,2.5.0,MEDIUM,CVSSv3.1,CVSS:3.1/AV:N/AC:L/PR:L/UI:N/S:U/C:N/I:N/A:H,6.5,3.6,2.8
tensorflow/tensorflow,v2.6.5,0,2022-05-23 16:59:45.000,CVE-2021-37648,tensorflow,2.5.0,HIGH,CVSSv3.1,CVSS:3.1/AV:L/AC:L/PR:L/UI:N/S:U/C:H/I:H/A:H,7.8,5.9,1.8
tensorflow/tensorflow,v2.6.5,0,2022-05-23 16:59:45.000,CVE-2022-23576,tensorflow,2.5.0,MEDIUM,CVSSv3.1,CVSS:3.1/AV:N/AC:L/PR:L/UI:N/S:U/C:N/I:N/A:H,6.5,3.6,2.8
tensorflow/tensorflow,v2.6.5,0,2022-05-23 16:59:45.000,CVE-2021-37689,tensorflow,2.5.0,MEDIUM,CVSSv3.1,CVSS:3.1/AV:L/AC:L/PR:L/UI:N/S:U/C:N/I:N/A:H,5.5,3.6,1.8
tensorflow/tensorflow,v2.6.5,0,2022-05-23 16:59:45.000,CVE-2022-23563,tensorflow,2.5.0,MEDIUM,CVSSv3.1,CVSS:3.1/AV:L/AC:H/PR:L/UI:N/S:U/C:H/I:H/A:N,6.3,5.2,1
tensorflow/tensorflow,v2.6.5,0,2022-05-23 16:59:45.000,CVE-2021-37667,tensorflow,2.5.0,HIGH,CVSSv3.1,CVSS:3.1/AV:L/AC:L/PR:L/UI:N/S:U/C:H/I:H/A:H,7.8,5.9,1.8
tensorflow/tensorflow,v2.6.5,0,2022-05-23 16:59:45.000,CVE-2021-37666,tensorflow,2.5.0,HIGH,CVSSv3.1,CVSS:3.1/AV:L/AC:L/PR:L/UI:N/S:U/C:H/I:H/A:H,7.8,5.9,1.8
tensorflow/tensorflow,v2.6.5,0,2022-05-23 16:59:45.000,CVE-2021-41214,tensorflow,2.5.0,HIGH,CVSSv3.1,CVSS:3.1/AV:L/AC:L/PR:L/UI:N/S:U/C:H/I:H/A:H,7.8,5.9,1.8
tensorflow/tensorflow,v2.6.5,0,2022-05-23 16:59:45.000,CVE-2022-21730,tensorflow,2.5.0,HIGH,CVSSv3.1,CVSS:3.1/AV:N/AC:L/PR:L/UI:N/S:U/C:H/I:N/A:H,8.1,5.2,2.8
tensorflow/tensorflow,v2.6.5,0,2022-05-23 16:59:45.000,CVE-2021-37688,tensorflow,2.5.0,MEDIUM,CVSSv3.1,CVSS:3.1/AV:L/AC:L/PR:L/UI:N/S:U/C:N/I:N/A:H,5.5,3.6,1.8
tensorflow/tensorflow,v2.6.5,0,2022-05-23 16:59:45.000,CVE-2021-37665,tensorflow,2.5.0,HIGH,CVSSv3.1,CVSS:3.1/AV:L/AC:L/PR:L/UI:N/S:U/C:H/I:H/A:H,7.8,5.9,1.8
tensorflow/tensorflow,v2.6.5,0,2022-05-23 16:59:45.000,CVE-2021-37676,tensorflow,2.5.0,HIGH,CVSSv3.1,CVSS:3.1/AV:L/AC:L/PR:L/UI:N/S:U/C:H/I:H/A:H,7.8,5.9,1.8
tensorflow/tensorflow,v2.6.5,0,2022-05-23 16:59:45.000,CVE-2022-23572,tensorflow,2.5.0,MEDIUM,CVSSv3.1,CVSS:3.1/AV:N/AC:L/PR:L/UI:N/S:U/C:N/I:N/A:H,6.5,3.6,2.8
tensorflow/tensorflow,v2.6.5,0,2022-05-23 16:59:45.000,CVE-2022-23567,tensorflow,2.5.0,MEDIUM,CVSSv3.1,CVSS:3.1/AV:N/AC:L/PR:L/UI:N/S:U/C:N/I:N/A:H,6.5,3.6,2.8
tensorflow/tensorflow,v2.6.5,0,2022-05-23 16:59:45.000,CVE-2023-25669,tensorflow,2.5.0,HIGH,CVSSv3.1,CVSS:3.1/AV:N/AC:L/PR:N/UI:N/S:U/C:N/I:N/A:H,7.5,3.6,3.9
tensorflow/tensorflow,v2.6.5,0,2022-05-23 16:59:45.000,CVE-2021-37678,tensorflow,2.5.0,HIGH,CVSSv3.1,CVSS:3.1/AV:L/AC:L/PR:L/UI:N/S:C/C:H/I:H/A:H,8.8,6,2
tensorflow/tensorflow,v2.6.5,0,2022-05-23 16:59:45.000,CVE-2021-37664,tensorflow,2.5.0,HIGH,CVSSv3.1,CVSS:3.1/AV:L/AC:L/PR:L/UI:N/S:U/C:H/I:N/A:H,7.1,5.2,1.8
tensorflow/tensorflow,v2.6.5,0,2022-05-23 16:59:45.000,CVE-2022-23562,tensorflow,2.5.0,HIGH,CVSSv3.1,CVSS:3.1/AV:N/AC:L/PR:L/UI:N/S:U/C:H/I:H/A:H,8.8,5.9,2.8
tensorflow/tensorflow,v2.6.5,0,2022-05-23 16:59:45.000,CVE-2021-37671,tensorflow,2.5.0,HIGH,CVSSv3.1,CVSS:3.1/AV:L/AC:L/PR:L/UI:N/S:U/C:H/I:H/A:H,7.8,5.9,1.8
tensorflow/tensorflow,v2.6.5,0,2022-05-23 16:59:45.000,CVE-2023-25660,tensorflow,2.5.0,HIGH,CVSSv3.1,CVSS:3.1/AV:N/AC:L/PR:N/UI:N/S:U/C:N/I:N/A:H,7.5,3.6,3.9
tensorflow/tensorflow,v2.6.5,0,2022-05-23 16:59:45.000,CVE-2022-23569,tensorflow,2.5.0,MEDIUM,CVSSv3.1,CVSS:3.1/AV:N/AC:L/PR:L/UI:N/S:U/C:N/I:N/A:H,6.5,3.6,2.8
tensorflow/tensorflow,v2.6.5,0,2022-05-23 16:59:45.000,CVE-2022-23573,tensorflow,2.5.0,HIGH,CVSSv3.1,CVSS:3.1/AV:N/AC:L/PR:L/UI:N/S:U/C:H/I:H/A:H,8.8,5.9,2.8
tensorflow/tensorflow,v2.6.5,0,2022-05-23 16:59:45.000,CVE-2021-37659,tensorflow,2.5.0,HIGH,CVSSv3.1,CVSS:3.1/AV:L/AC:L/PR:L/UI:N/S:U/C:H/I:H/A:H,7.8,5.9,1.8
tensorflow/tensorflow,v2.6.5,0,2022-05-23 16:59:45.000,CVE-2022-35937,tensorflow,2.5.0,CRITICAL,CVSSv3.1,CVSS:3.1/AV:N/AC:L/PR:N/UI:N/S:U/C:H/I:N/A:H,9.1,5.2,3.9
tensorflow/tensorflow,v2.6.5,0,2022-05-23 16:59:45.000,CVE-2021-41206,tensorflow,2.5.0,HIGH,CVSSv3.1,CVSS:3.1/AV:L/AC:L/PR:L/UI:N/S:U/C:H/I:H/A:H,7.8,5.9,1.8
tensorflow/tensorflow,v2.6.5,0,2022-05-23 16:59:45.000,CVE-2022-21736,tensorflow,2.5.0,MEDIUM,CVSSv3.1,CVSS:3.1/AV:N/AC:L/PR:L/UI:N/S:U/C:N/I:N/A:H,6.5,3.6,2.8
tensorflow/tensorflow,v2.6.5,0,2022-05-23 16:59:45.000,CVE-2021-37652,tensorflow,2.5.0,HIGH,CVSSv3.1,CVSS:3.1/AV:L/AC:L/PR:L/UI:N/S:U/C:H/I:H/A:H,7.8,5.9,1.8
tensorflow/tensorflow,v2.6.5,0,2022-05-23 16:59:45.000,CVE-2022-21731,tensorflow,2.5.0,MEDIUM,CVSSv3.1,CVSS:3.1/AV:N/AC:L/PR:L/UI:N/S:U/C:N/I:N/A:H,6.5,3.6,2.8
tensorflow/tensorflow,v2.6.5,0,2022-05-23 16:59:45.000,CVE-2021-41210,tensorflow,2.5.0,HIGH,CVSSv3.1,CVSS:3.1/AV:L/AC:L/PR:L/UI:N/S:U/C:H/I:N/A:H,7.1,5.2,1.8
tensorflow/tensorflow,v2.6.5,0,2022-05-23 16:59:45.000,CVE-2021-41201,tensorflow,2.5.0,HIGH,CVSSv3.1,CVSS:3.1/AV:L/AC:L/PR:L/UI:N/S:U/C:H/I:H/A:H,7.8,5.9,1.8
tensorflow/tensorflow,v2.6.5,0,2022-05-23 16:59:45.000,CVE-2023-25671,tensorflow,2.5.0,HIGH,CVSSv3.1,CVSS:3.1/AV:N/AC:L/PR:N/UI:N/S:U/C:N/I:N/A:H,7.5,3.6,3.9
tensorflow/tensorflow,v2.6.5,0,2022-05-23 16:59:45.000,CVE-2022-23571,tensorflow,2.5.0,MEDIUM,CVSSv3.1,CVSS:3.1/AV:N/AC:L/PR:L/UI:N/S:U/C:N/I:N/A:H,6.5,3.6,2.8
tensorflow/tensorflow,v2.6.5,0,2022-05-23 16:59:45.000,CVE-2021-37638,tensorflow,2.5.0,HIGH,CVSSv3.1,CVSS:3.1/AV:L/AC:L/PR:L/UI:N/S:U/C:H/I:H/A:H,7.8,5.9,1.8
tensorflow/tensorflow,v2.6.5,0,2022-05-23 16:59:45.000,CVE-2021-37651,tensorflow,2.5.0,HIGH,CVSSv3.1,CVSS:3.1/AV:L/AC:L/PR:L/UI:N/S:U/C:H/I:H/A:H,7.8,5.9,1.8
tensorflow/tensorflow,v2.6.5,0,2022-05-23 16:59:45.000,CVE-2022-41894,tensorflow,2.5.0,HIGH,CVSSv3.1,CVSS:3.1/AV:N/AC:H/PR:N/UI:N/S:U/C:H/I:H/A:H,8.1,5.9,2.2
tensorflow/tensorflow,v2.6.5,0,2022-05-23 16:59:45.000,CVE-2023-33976,tensorflow,2.5.0,HIGH,CVSSv3.1,CVSS:3.1/AV:N/AC:L/PR:N/UI:N/S:U/C:N/I:N/A:H,7.5,3.6,3.9
tensorflow/tensorflow,v2.14.0-rc0,1,2023-08-17 18:09:07.000,CVE-2024-5569,zipp,3.16.2,N/A,N/A,N/A,0,0,0
tensorflow/tensorflow,v2.14.0-rc0,1,2023-08-17 18:09:07.000,CVE-2024-49766,werkzeug,2.3.6,N/A,N/A,N/A,0,0,0
tensorflow/tensorflow,v2.14.0-rc0,1,2023-08-17 18:09:07.000,CVE-2023-46136,werkzeug,2.3.6,HIGH,CVSSv3.1,CVSS:3.1/AV:N/AC:L/PR:N/UI:N/S:U/C:N/I:N/A:H,7.5,3.6,3.9
tensorflow/tensorflow,v2.14.0-rc0,1,2023-08-17 18:09:07.000,CVE-2024-49767,werkzeug,2.3.6,HIGH,CVSSv3.1,CVSS:3.1/AV:N/AC:L/PR:N/UI:N/S:U/C:N/I:N/A:H,7.5,3.6,3.9
tensorflow/tensorflow,v2.14.0-rc0,1,2023-08-17 18:09:07.000,CVE-2024-34069,werkzeug,2.3.6,N/A,N/A,N/A,0,0,0
tensorflow/tensorflow,v2.14.0-rc0,1,2023-08-17 18:09:07.000,CVE-2024-37891,urllib3,1.26.16,N/A,N/A,N/A,0,0,0
tensorflow/tensorflow,v2.14.0-rc0,1,2023-08-17 18:09:07.000,CVE-2023-45803,urllib3,1.26.16,MEDIUM,CVSSv3.1,CVSS:3.1/AV:A/AC:H/PR:H/UI:N/S:U/C:H/I:N/A:N,4.2,3.6,0.5
tensorflow/tensorflow,v2.14.0-rc0,1,2023-08-17 18:09:07.000,CVE-2023-43804,urllib3,1.26.16,HIGH,CVSSv3.1,CVSS:3.1/AV:N/AC:L/PR:L/UI:N/S:U/C:H/I:H/A:N,8.1,5.2,2.8
tensorflow/tensorflow,v2.14.0-rc0,1,2023-08-17 18:09:07.000,CVE-2024-6345,setuptools,67.6.1,N/A,N/A,N/A,0,0,0
tensorflow/tensorflow,v2.14.0-rc0,1,2023-08-17 18:09:07.000,CVE-2024-35195,requests,2.31.0,N/A,N/A,N/A,0,0,0
tensorflow/tensorflow,v2.14.0-rc0,1,2023-08-17 18:09:07.000,CVE-2024-3651,idna,3.4,HIGH,CVSSv3.1,CVSS:3.1/AV:N/AC:L/PR:N/UI:N/S:U/C:N/I:N/A:H,7.5,3.6,3.9
tensorflow/tensorflow,v2.14.0-rc0,1,2023-08-17 18:09:07.000,CVE-2024-39689,certifi,2023.7.22,HIGH,CVSSv3.1,CVSS:3.1/AV:N/AC:L/PR:N/UI:N/S:U/C:N/I:H/A:N,7.5,3.6,3.9
tensorflow/tensorflow,v2.14.0-rc1,1,2023-08-31 21:42:28.000,CVE-2024-39689,certifi,2023.7.22,HIGH,CVSSv3.1,CVSS:3.1/AV:N/AC:L/PR:N/UI:N/S:U/C:N/I:H/A:N,7.5,3.6,3.9
tensorflow/tensorflow,v2.14.0-rc1,1,2023-08-31 21:42:28.000,CVE-2024-3651,idna,3.4,HIGH,CVSSv3.1,CVSS:3.1/AV:N/AC:L/PR:N/UI:N/S:U/C:N/I:N/A:H,7.5,3.6,3.9
tensorflow/tensorflow,v2.14.0-rc1,1,2023-08-31 21:42:28.000,CVE-2024-55459,keras,2.14.0rc0,N/A,N/A,N/A,0,0,0
tensorflow/tensorflow,v2.14.0-rc1,1,2023-08-31 21:42:28.000,CVE-2024-35195,requests,2.31.0,N/A,N/A,N/A,0,0,0
tensorflow/tensorflow,v2.14.0-rc1,1,2023-08-31 21:42:28.000,CVE-2024-6345,setuptools,67.6.1,N/A,N/A,N/A,0,0,0
tensorflow/tensorflow,v2.14.0-rc1,1,2023-08-31 21:42:28.000,CVE-2023-43804,urllib3,1.26.16,HIGH,CVSSv3.1,CVSS:3.1/AV:N/AC:L/PR:L/UI:N/S:U/C:H/I:H/A:N,8.1,5.2,2.8
tensorflow/tensorflow,v2.14.0-rc1,1,2023-08-31 21:42:28.000,CVE-2023-45803,urllib3,1.26.16,MEDIUM,CVSSv3.1,CVSS:3.1/AV:A/AC:H/PR:H/UI:N/S:U/C:H/I:N/A:N,4.2,3.6,0.5
tensorflow/tensorflow,v2.14.0-rc1,1,2023-08-31 21:42:28.000,CVE-2024-37891,urllib3,1.26.16,N/A,N/A,N/A,0,0,0
tensorflow/tensorflow,v2.14.0-rc1,1,2023-08-31 21:42:28.000,CVE-2024-34069,werkzeug,2.3.7,N/A,N/A,N/A,0,0,0
tensorflow/tensorflow,v2.14.0-rc1,1,2023-08-31 21:42:28.000,CVE-2024-49767,werkzeug,2.3.7,HIGH,CVSSv3.1,CVSS:3.1/AV:N/AC:L/PR:N/UI:N/S:U/C:N/I:N/A:H,7.5,3.6,3.9
tensorflow/tensorflow,v2.14.0-rc1,1,2023-08-31 21:42:28.000,CVE-2023-46136,werkzeug,2.3.7,HIGH,CVSSv3.1,CVSS:3.1/AV:N/AC:L/PR:N/UI:N/S:U/C:N/I:N/A:H,7.5,3.6,3.9
tensorflow/tensorflow,v2.14.0-rc1,1,2023-08-31 21:42:28.000,CVE-2024-49766,werkzeug,2.3.7,N/A,N/A,N/A,0,0,0
tensorflow/tensorflow,v2.14.0-rc1,1,2023-08-31 21:42:28.000,CVE-2024-5569,zipp,3.16.2,N/A,N/A,N/A,0,0,0
tensorflow/tensorflow,v2.14.0,0,2023-09-26 22:45:05.000,CVE-2024-39689,certifi,2023.7.22,HIGH,CVSSv3.1,CVSS:3.1/AV:N/AC:L/PR:N/UI:N/S:U/C:N/I:H/A:N,7.5,3.6,3.9
tensorflow/tensorflow,v2.14.0,0,2023-09-26 22:45:05.000,CVE-2024-3651,idna,3.4,HIGH,CVSSv3.1,CVSS:3.1/AV:N/AC:L/PR:N/UI:N/S:U/C:N/I:N/A:H,7.5,3.6,3.9
tensorflow/tensorflow,v2.14.0,0,2023-09-26 22:45:05.000,CVE-2024-55459,keras,2.14.0,N/A,N/A,N/A,0,0,0
tensorflow/tensorflow,v2.14.0,0,2023-09-26 22:45:05.000,CVE-2024-35195,requests,2.31.0,N/A,N/A,N/A,0,0,0
tensorflow/tensorflow,v2.14.0,0,2023-09-26 22:45:05.000,CVE-2024-6345,setuptools,67.6.1,N/A,N/A,N/A,0,0,0
tensorflow/tensorflow,v2.14.0,0,2023-09-26 22:45:05.000,CVE-2023-43804,urllib3,1.26.16,HIGH,CVSSv3.1,CVSS:3.1/AV:N/AC:L/PR:L/UI:N/S:U/C:H/I:H/A:N,8.1,5.2,2.8
tensorflow/tensorflow,v2.14.0,0,2023-09-26 22:45:05.000,CVE-2023-45803,urllib3,1.26.16,MEDIUM,CVSSv3.1,CVSS:3.1/AV:A/AC:H/PR:H/UI:N/S:U/C:H/I:N/A:N,4.2,3.6,0.5
tensorflow/tensorflow,v2.14.0,0,2023-09-26 22:45:05.000,CVE-2024-37891,urllib3,1.26.16,N/A,N/A,N/A,0,0,0
tensorflow/tensorflow,v2.14.0,0,2023-09-26 22:45:05.000,CVE-2024-34069,werkzeug,2.3.7,N/A,N/A,N/A,0,0,0
tensorflow/tensorflow,v2.14.0,0,2023-09-26 22:45:05.000,CVE-2024-49767,werkzeug,2.3.7,HIGH,CVSSv3.1,CVSS:3.1/AV:N/AC:L/PR:N/UI:N/S:U/C:N/I:N/A:H,7.5,3.6,3.9
tensorflow/tensorflow,v2.14.0,0,2023-09-26 22:45:05.000,CVE-2023-46136,werkzeug,2.3.7,HIGH,CVSSv3.1,CVSS:3.1/AV:N/AC:L/PR:N/UI:N/S:U/C:N/I:N/A:H,7.5,3.6,3.9
tensorflow/tensorflow,v2.14.0,0,2023-09-26 22:45:05.000,CVE-2024-49766,werkzeug,2.3.7,N/A,N/A,N/A,0,0,0
tensorflow/tensorflow,v2.14.0,0,2023-09-26 22:45:05.000,CVE-2024-5569,zipp,3.16.2,N/A,N/A,N/A,0,0,0
tensorflow/tensorflow,v2.15.0-rc0,1,2023-10-25 23:15:20.000,CVE-2024-35195,requests,2.31.0,N/A,N/A,N/A,0,0,0
tensorflow/tensorflow,v2.15.0-rc0,1,2023-10-25 23:15:20.000,CVE-2024-5569,zipp,3.17.0,N/A,N/A,N/A,0,0,0
tensorflow/tensorflow,v2.15.0-rc0,1,2023-10-25 23:15:20.000,CVE-2024-49766,werkzeug,3.0.0,N/A,N/A,N/A,0,0,0
tensorflow/tensorflow,v2.15.0-rc0,1,2023-10-25 23:15:20.000,CVE-2024-39689,certifi,2023.7.22,HIGH,CVSSv3.1,CVSS:3.1/AV:N/AC:L/PR:N/UI:N/S:U/C:N/I:H/A:N,7.5,3.6,3.9
tensorflow/tensorflow,v2.15.0-rc0,1,2023-10-25 23:15:20.000,CVE-2024-3651,idna,3.4,HIGH,CVSSv3.1,CVSS:3.1/AV:N/AC:L/PR:N/UI:N/S:U/C:N/I:N/A:H,7.5,3.6,3.9
tensorflow/tensorflow,v2.15.0-rc0,1,2023-10-25 23:15:20.000,CVE-2024-55459,keras,2.15.0rc0,N/A,N/A,N/A,0,0,0
tensorflow/tensorflow,v2.15.0-rc0,1,2023-10-25 23:15:20.000,CVE-2024-6345,setuptools,67.6.1,N/A,N/A,N/A,0,0,0
tensorflow/tensorflow,v2.15.0-rc0,1,2023-10-25 23:15:20.000,CVE-2024-37891,urllib3,2.0.7,N/A,N/A,N/A,0,0,0
tensorflow/tensorflow,v2.15.0-rc0,1,2023-10-25 23:15:20.000,CVE-2024-34069,werkzeug,3.0.0,N/A,N/A,N/A,0,0,0
tensorflow/tensorflow,v2.15.0-rc0,1,2023-10-25 23:15:20.000,CVE-2024-49767,werkzeug,3.0.0,HIGH,CVSSv3.1,CVSS:3.1/AV:N/AC:L/PR:N/UI:N/S:U/C:N/I:N/A:H,7.5,3.6,3.9
tensorflow/tensorflow,v2.15.0-rc0,1,2023-10-25 23:15:20.000,CVE-2023-46136,werkzeug,3.0.0,HIGH,CVSSv3.1,CVSS:3.1/AV:N/AC:L/PR:N/UI:N/S:U/C:N/I:N/A:H,7.5,3.6,3.9
tensorflow/tensorflow,v2.15.0-rc1,1,2023-11-03 18:09:42.000,CVE-2024-5569,zipp,3.17.0,N/A,N/A,N/A,0,0,0
tensorflow/tensorflow,v2.15.0-rc1,1,2023-11-03 18:09:42.000,CVE-2024-49766,werkzeug,3.0.0,N/A,N/A,N/A,0,0,0
tensorflow/tensorflow,v2.15.0-rc1,1,2023-11-03 18:09:42.000,CVE-2023-46136,werkzeug,3.0.0,HIGH,CVSSv3.1,CVSS:3.1/AV:N/AC:L/PR:N/UI:N/S:U/C:N/I:N/A:H,7.5,3.6,3.9
tensorflow/tensorflow,v2.15.0-rc1,1,2023-11-03 18:09:42.000,CVE-2024-49767,werkzeug,3.0.0,HIGH,CVSSv3.1,CVSS:3.1/AV:N/AC:L/PR:N/UI:N/S:U/C:N/I:N/A:H,7.5,3.6,3.9
tensorflow/tensorflow,v2.15.0-rc1,1,2023-11-03 18:09:42.000,CVE-2024-34069,werkzeug,3.0.0,N/A,N/A,N/A,0,0,0
tensorflow/tensorflow,v2.15.0-rc1,1,2023-11-03 18:09:42.000,CVE-2024-37891,urllib3,2.0.7,N/A,N/A,N/A,0,0,0
tensorflow/tensorflow,v2.15.0-rc1,1,2023-11-03 18:09:42.000,CVE-2024-6345,setuptools,67.6.1,N/A,N/A,N/A,0,0,0
tensorflow/tensorflow,v2.15.0-rc1,1,2023-11-03 18:09:42.000,CVE-2024-35195,requests,2.31.0,N/A,N/A,N/A,0,0,0
tensorflow/tensorflow,v2.15.0-rc1,1,2023-11-03 18:09:42.000,CVE-2024-55459,keras,2.15.0rc0,N/A,N/A,N/A,0,0,0
tensorflow/tensorflow,v2.15.0-rc1,1,2023-11-03 18:09:42.000,CVE-2024-3651,idna,3.4,HIGH,CVSSv3.1,CVSS:3.1/AV:N/AC:L/PR:N/UI:N/S:U/C:N/I:N/A:H,7.5,3.6,3.9
tensorflow/tensorflow,v2.15.0-rc1,1,2023-11-03 18:09:42.000,CVE-2024-39689,certifi,2023.7.22,HIGH,CVSSv3.1,CVSS:3.1/AV:N/AC:L/PR:N/UI:N/S:U/C:N/I:H/A:N,7.5,3.6,3.9
tensorflow/tensorflow,v2.14.1,0,2023-11-14 18:42:20.000,CVE-2024-5569,zipp,3.16.2,N/A,N/A,N/A,0,0,0
tensorflow/tensorflow,v2.14.1,0,2023-11-14 18:42:20.000,CVE-2024-49766,werkzeug,2.3.7,N/A,N/A,N/A,0,0,0
tensorflow/tensorflow,v2.14.1,0,2023-11-14 18:42:20.000,CVE-2023-46136,werkzeug,2.3.7,HIGH,CVSSv3.1,CVSS:3.1/AV:N/AC:L/PR:N/UI:N/S:U/C:N/I:N/A:H,7.5,3.6,3.9
tensorflow/tensorflow,v2.14.1,0,2023-11-14 18:42:20.000,CVE-2024-49767,werkzeug,2.3.7,HIGH,CVSSv3.1,CVSS:3.1/AV:N/AC:L/PR:N/UI:N/S:U/C:N/I:N/A:H,7.5,3.6,3.9
tensorflow/tensorflow,v2.14.1,0,2023-11-14 18:42:20.000,CVE-2024-34069,werkzeug,2.3.7,N/A,N/A,N/A,0,0,0
tensorflow/tensorflow,v2.14.1,0,2023-11-14 18:42:20.000,CVE-2024-37891,urllib3,1.26.16,N/A,N/A,N/A,0,0,0
tensorflow/tensorflow,v2.14.1,0,2023-11-14 18:42:20.000,CVE-2023-45803,urllib3,1.26.16,MEDIUM,CVSSv3.1,CVSS:3.1/AV:A/AC:H/PR:H/UI:N/S:U/C:H/I:N/A:N,4.2,3.6,0.5
tensorflow/tensorflow,v2.14.1,0,2023-11-14 18:42:20.000,CVE-2023-43804,urllib3,1.26.16,HIGH,CVSSv3.1,CVSS:3.1/AV:N/AC:L/PR:L/UI:N/S:U/C:H/I:H/A:N,8.1,5.2,2.8
tensorflow/tensorflow,v2.14.1,0,2023-11-14 18:42:20.000,CVE-2024-6345,setuptools,67.6.1,N/A,N/A,N/A,0,0,0
tensorflow/tensorflow,v2.14.1,0,2023-11-14 18:42:20.000,CVE-2024-35195,requests,2.31.0,N/A,N/A,N/A,0,0,0
tensorflow/tensorflow,v2.14.1,0,2023-11-14 18:42:20.000,CVE-2024-55459,keras,2.14.0,N/A,N/A,N/A,0,0,0
tensorflow/tensorflow,v2.14.1,0,2023-11-14 18:42:20.000,CVE-2024-3651,idna,3.4,HIGH,CVSSv3.1,CVSS:3.1/AV:N/AC:L/PR:N/UI:N/S:U/C:N/I:N/A:H,7.5,3.6,3.9
tensorflow/tensorflow,v2.14.1,0,2023-11-14 18:42:20.000,CVE-2024-39689,certifi,2023.7.22,HIGH,CVSSv3.1,CVSS:3.1/AV:N/AC:L/PR:N/UI:N/S:U/C:N/I:H/A:N,7.5,3.6,3.9
tensorflow/tensorflow,v2.15.0,0,2023-11-14 18:46:08.000,CVE-2024-39689,certifi,2023.7.22,HIGH,CVSSv3.1,CVSS:3.1/AV:N/AC:L/PR:N/UI:N/S:U/C:N/I:H/A:N,7.5,3.6,3.9
tensorflow/tensorflow,v2.15.0,0,2023-11-14 18:46:08.000,CVE-2024-3651,idna,3.4,HIGH,CVSSv3.1,CVSS:3.1/AV:N/AC:L/PR:N/UI:N/S:U/C:N/I:N/A:H,7.5,3.6,3.9
tensorflow/tensorflow,v2.15.0,0,2023-11-14 18:46:08.000,CVE-2024-55459,keras,2.15.0,N/A,N/A,N/A,0,0,0
tensorflow/tensorflow,v2.15.0,0,2023-11-14 18:46:08.000,CVE-2024-35195,requests,2.31.0,N/A,N/A,N/A,0,0,0
tensorflow/tensorflow,v2.15.0,0,2023-11-14 18:46:08.000,CVE-2024-6345,setuptools,67.6.1,N/A,N/A,N/A,0,0,0
tensorflow/tensorflow,v2.15.0,0,2023-11-14 18:46:08.000,CVE-2024-37891,urllib3,2.0.7,N/A,N/A,N/A,0,0,0
tensorflow/tensorflow,v2.15.0,0,2023-11-14 18:46:08.000,CVE-2024-34069,werkzeug,3.0.0,N/A,N/A,N/A,0,0,0
tensorflow/tensorflow,v2.15.0,0,2023-11-14 18:46:08.000,CVE-2024-49767,werkzeug,3.0.0,HIGH,CVSSv3.1,CVSS:3.1/AV:N/AC:L/PR:N/UI:N/S:U/C:N/I:N/A:H,7.5,3.6,3.9
tensorflow/tensorflow,v2.15.0,0,2023-11-14 18:46:08.000,CVE-2023-46136,werkzeug,3.0.0,HIGH,CVSSv3.1,CVSS:3.1/AV:N/AC:L/PR:N/UI:N/S:U/C:N/I:N/A:H,7.5,3.6,3.9
tensorflow/tensorflow,v2.15.0,0,2023-11-14 18:46:08.000,CVE-2024-49766,werkzeug,3.0.0,N/A,N/A,N/A,0,0,0
tensorflow/tensorflow,v2.15.0,0,2023-11-14 18:46:08.000,CVE-2024-5569,zipp,3.17.0,N/A,N/A,N/A,0,0,0
tensorflow/tensorflow,v2.16.0-rc0,1,2024-02-26 22:54:41.000,CVE-2024-39689,certifi,2024.2.2,HIGH,CVSSv3.1,CVSS:3.1/AV:N/AC:L/PR:N/UI:N/S:U/C:N/I:H/A:N,7.5,3.6,3.9
tensorflow/tensorflow,v2.16.0-rc0,1,2024-02-26 22:54:41.000,CVE-2024-3651,idna,3.6,HIGH,CVSSv3.1,CVSS:3.1/AV:N/AC:L/PR:N/UI:N/S:U/C:N/I:N/A:H,7.5,3.6,3.9
tensorflow/tensorflow,v2.16.0-rc0,1,2024-02-26 22:54:41.000,CVE-2024-55459,keras,3.0.4,N/A,N/A,N/A,0,0,0
tensorflow/tensorflow,v2.16.0-rc0,1,2024-02-26 22:54:41.000,CVE-2024-35195,requests,2.31.0,N/A,N/A,N/A,0,0,0
tensorflow/tensorflow,v2.16.0-rc0,1,2024-02-26 22:54:41.000,CVE-2024-6345,setuptools,68.2.2,N/A,N/A,N/A,0,0,0
tensorflow/tensorflow,v2.16.0-rc0,1,2024-02-26 22:54:41.000,CVE-2024-37891,urllib3,2.2.0,N/A,N/A,N/A,0,0,0
tensorflow/tensorflow,v2.16.0-rc0,1,2024-02-26 22:54:41.000,CVE-2024-34069,werkzeug,3.0.1,N/A,N/A,N/A,0,0,0
tensorflow/tensorflow,v2.16.0-rc0,1,2024-02-26 22:54:41.000,CVE-2024-49767,werkzeug,3.0.1,HIGH,CVSSv3.1,CVSS:3.1/AV:N/AC:L/PR:N/UI:N/S:U/C:N/I:N/A:H,7.5,3.6,3.9
tensorflow/tensorflow,v2.16.0-rc0,1,2024-02-26 22:54:41.000,CVE-2024-49766,werkzeug,3.0.1,N/A,N/A,N/A,0,0,0
tensorflow/tensorflow,v2.16.0-rc0,1,2024-02-26 22:54:41.000,CVE-2024-5569,zipp,3.17.0,N/A,N/A,N/A,0,0,0
tensorflow/tensorflow,v2.16.1,0,2024-03-07 18:54:30.000,CVE-2024-39689,certifi,2024.2.2,HIGH,CVSSv3.1,CVSS:3.1/AV:N/AC:L/PR:N/UI:N/S:U/C:N/I:H/A:N,7.5,3.6,3.9
tensorflow/tensorflow,v2.16.1,0,2024-03-07 18:54:30.000,CVE-2024-3651,idna,3.6,HIGH,CVSSv3.1,CVSS:3.1/AV:N/AC:L/PR:N/UI:N/S:U/C:N/I:N/A:H,7.5,3.6,3.9
tensorflow/tensorflow,v2.16.1,0,2024-03-07 18:54:30.000,CVE-2024-55459,keras,3.0.4,N/A,N/A,N/A,0,0,0
tensorflow/tensorflow,v2.16.1,0,2024-03-07 18:54:30.000,CVE-2024-35195,requests,2.31.0,N/A,N/A,N/A,0,0,0
tensorflow/tensorflow,v2.16.1,0,2024-03-07 18:54:30.000,CVE-2024-6345,setuptools,68.2.2,N/A,N/A,N/A,0,0,0
tensorflow/tensorflow,v2.16.1,0,2024-03-07 18:54:30.000,CVE-2024-37891,urllib3,2.2.0,N/A,N/A,N/A,0,0,0
tensorflow/tensorflow,v2.16.1,0,2024-03-07 18:54:30.000,CVE-2024-34069,werkzeug,3.0.1,N/A,N/A,N/A,0,0,0
tensorflow/tensorflow,v2.16.1,0,2024-03-07 18:54:30.000,CVE-2024-49767,werkzeug,3.0.1,HIGH,CVSSv3.1,CVSS:3.1/AV:N/AC:L/PR:N/UI:N/S:U/C:N/I:N/A:H,7.5,3.6,3.9
tensorflow/tensorflow,v2.16.1,0,2024-03-07 18:54:30.000,CVE-2024-49766,werkzeug,3.0.1,N/A,N/A,N/A,0,0,0
tensorflow/tensorflow,v2.16.1,0,2024-03-07 18:54:30.000,CVE-2024-5569,zipp,3.17.0,N/A,N/A,N/A,0,0,0
tensorflow/tensorflow,v2.15.1,0,2024-03-08 19:09:29.000,CVE-2024-3651,idna,3.4,HIGH,CVSSv3.1,CVSS:3.1/AV:N/AC:L/PR:N/UI:N/S:U/C:N/I:N/A:H,7.5,3.6,3.9
tensorflow/tensorflow,v2.15.1,0,2024-03-08 19:09:29.000,CVE-2024-39689,certifi,2023.7.22,HIGH,CVSSv3.1,CVSS:3.1/AV:N/AC:L/PR:N/UI:N/S:U/C:N/I:H/A:N,7.5,3.6,3.9
tensorflow/tensorflow,v2.15.1,0,2024-03-08 19:09:29.000,CVE-2024-55459,keras,2.15.0,N/A,N/A,N/A,0,0,0
tensorflow/tensorflow,v2.15.1,0,2024-03-08 19:09:29.000,CVE-2024-35195,requests,2.31.0,N/A,N/A,N/A,0,0,0
tensorflow/tensorflow,v2.15.1,0,2024-03-08 19:09:29.000,CVE-2024-6345,setuptools,67.6.1,N/A,N/A,N/A,0,0,0
tensorflow/tensorflow,v2.15.1,0,2024-03-08 19:09:29.000,CVE-2024-37891,urllib3,2.0.7,N/A,N/A,N/A,0,0,0
tensorflow/tensorflow,v2.15.1,0,2024-03-08 19:09:29.000,CVE-2024-34069,werkzeug,3.0.0,N/A,N/A,N/A,0,0,0
tensorflow/tensorflow,v2.15.1,0,2024-03-08 19:09:29.000,CVE-2024-49767,werkzeug,3.0.0,HIGH,CVSSv3.1,CVSS:3.1/AV:N/AC:L/PR:N/UI:N/S:U/C:N/I:N/A:H,7.5,3.6,3.9
tensorflow/tensorflow,v2.15.1,0,2024-03-08 19:09:29.000,CVE-2023-46136,werkzeug,3.0.0,HIGH,CVSSv3.1,CVSS:3.1/AV:N/AC:L/PR:N/UI:N/S:U/C:N/I:N/A:H,7.5,3.6,3.9
tensorflow/tensorflow,v2.15.1,0,2024-03-08 19:09:29.000,CVE-2024-49766,werkzeug,3.0.0,N/A,N/A,N/A,0,0,0
tensorflow/tensorflow,v2.15.1,0,2024-03-08 19:09:29.000,CVE-2024-5569,zipp,3.17.0,N/A,N/A,N/A,0,0,0
tensorflow/tensorflow,v2.17.0-rc0,1,2024-06-18 20:41:46.000,CVE-2024-5569,zipp,3.17.0,N/A,N/A,N/A,0,0,0
tensorflow/tensorflow,v2.17.0-rc0,1,2024-06-18 20:41:46.000,CVE-2024-39689,certifi,2024.2.2,HIGH,CVSSv3.1,CVSS:3.1/AV:N/AC:L/PR:N/UI:N/S:U/C:N/I:H/A:N,7.5,3.6,3.9
tensorflow/tensorflow,v2.17.0-rc0,1,2024-06-18 20:41:46.000,CVE-2024-55459,keras,3.2.1,N/A,N/A,N/A,0,0,0
tensorflow/tensorflow,v2.17.0-rc0,1,2024-06-18 20:41:46.000,CVE-2024-35195,requests,2.31.0,N/A,N/A,N/A,0,0,0
tensorflow/tensorflow,v2.17.0-rc0,1,2024-06-18 20:41:46.000,CVE-2024-6345,setuptools,68.2.2,N/A,N/A,N/A,0,0,0
tensorflow/tensorflow,v2.17.0-rc0,1,2024-06-18 20:41:46.000,CVE-2024-37891,urllib3,2.2.0,N/A,N/A,N/A,0,0,0
tensorflow/tensorflow,v2.17.0-rc0,1,2024-06-18 20:41:46.000,CVE-2024-49767,werkzeug,3.0.3,HIGH,CVSSv3.1,CVSS:3.1/AV:N/AC:L/PR:N/UI:N/S:U/C:N/I:N/A:H,7.5,3.6,3.9
tensorflow/tensorflow,v2.17.0-rc0,1,2024-06-18 20:41:46.000,CVE-2024-49766,werkzeug,3.0.3,N/A,N/A,N/A,0,0,0
tensorflow/tensorflow,v2.16.2,0,2024-06-28 18:56:30.000,CVE-2024-39689,certifi,2024.2.2,HIGH,CVSSv3.1,CVSS:3.1/AV:N/AC:L/PR:N/UI:N/S:U/C:N/I:H/A:N,7.5,3.6,3.9
tensorflow/tensorflow,v2.16.2,0,2024-06-28 18:56:30.000,CVE-2024-3651,idna,3.6,HIGH,CVSSv3.1,CVSS:3.1/AV:N/AC:L/PR:N/UI:N/S:U/C:N/I:N/A:H,7.5,3.6,3.9
tensorflow/tensorflow,v2.16.2,0,2024-06-28 18:56:30.000,CVE-2024-55459,keras,3.0.4,N/A,N/A,N/A,0,0,0
tensorflow/tensorflow,v2.16.2,0,2024-06-28 18:56:30.000,CVE-2024-35195,requests,2.31.0,N/A,N/A,N/A,0,0,0
tensorflow/tensorflow,v2.16.2,0,2024-06-28 18:56:30.000,CVE-2024-6345,setuptools,68.2.2,N/A,N/A,N/A,0,0,0
tensorflow/tensorflow,v2.16.2,0,2024-06-28 18:56:30.000,CVE-2024-37891,urllib3,2.2.0,N/A,N/A,N/A,0,0,0
tensorflow/tensorflow,v2.16.2,0,2024-06-28 18:56:30.000,CVE-2024-34069,werkzeug,3.0.1,N/A,N/A,N/A,0,0,0
tensorflow/tensorflow,v2.16.2,0,2024-06-28 18:56:30.000,CVE-2024-49767,werkzeug,3.0.1,HIGH,CVSSv3.1,CVSS:3.1/AV:N/AC:L/PR:N/UI:N/S:U/C:N/I:N/A:H,7.5,3.6,3.9
tensorflow/tensorflow,v2.16.2,0,2024-06-28 18:56:30.000,CVE-2024-49766,werkzeug,3.0.1,N/A,N/A,N/A,0,0,0
tensorflow/tensorflow,v2.16.2,0,2024-06-28 18:56:30.000,CVE-2024-5569,zipp,3.17.0,N/A,N/A,N/A,0,0,0
tensorflow/tensorflow,v2.17.0-rc1,1,2024-07-02 04:17:28.000,CVE-2024-39689,certifi,2024.2.2,HIGH,CVSSv3.1,CVSS:3.1/AV:N/AC:L/PR:N/UI:N/S:U/C:N/I:H/A:N,7.5,3.6,3.9
tensorflow/tensorflow,v2.17.0-rc1,1,2024-07-02 04:17:28.000,CVE-2024-55459,keras,3.2.1,N/A,N/A,N/A,0,0,0
tensorflow/tensorflow,v2.17.0-rc1,1,2024-07-02 04:17:28.000,CVE-2024-35195,requests,2.31.0,N/A,N/A,N/A,0,0,0
tensorflow/tensorflow,v2.17.0-rc1,1,2024-07-02 04:17:28.000,CVE-2024-6345,setuptools,68.2.2,N/A,N/A,N/A,0,0,0
tensorflow/tensorflow,v2.17.0-rc1,1,2024-07-02 04:17:28.000,CVE-2024-37891,urllib3,2.2.0,N/A,N/A,N/A,0,0,0
tensorflow/tensorflow,v2.17.0-rc1,1,2024-07-02 04:17:28.000,CVE-2024-49767,werkzeug,3.0.3,HIGH,CVSSv3.1,CVSS:3.1/AV:N/AC:L/PR:N/UI:N/S:U/C:N/I:N/A:H,7.5,3.6,3.9
tensorflow/tensorflow,v2.17.0-rc1,1,2024-07-02 04:17:28.000,CVE-2024-49766,werkzeug,3.0.3,N/A,N/A,N/A,0,0,0
tensorflow/tensorflow,v2.17.0-rc1,1,2024-07-02 04:17:28.000,CVE-2024-5569,zipp,3.17.0,N/A,N/A,N/A,0,0,0
tensorflow/tensorflow,v2.17.0,0,2024-07-11 16:28:57.000,CVE-2024-5569,zipp,3.17.0,N/A,N/A,N/A,0,0,0
tensorflow/tensorflow,v2.17.0,0,2024-07-11 16:28:57.000,CVE-2024-49766,werkzeug,3.0.3,N/A,N/A,N/A,0,0,0
tensorflow/tensorflow,v2.17.0,0,2024-07-11 16:28:57.000,CVE-2024-49767,werkzeug,3.0.3,HIGH,CVSSv3.1,CVSS:3.1/AV:N/AC:L/PR:N/UI:N/S:U/C:N/I:N/A:H,7.5,3.6,3.9
tensorflow/tensorflow,v2.17.0,0,2024-07-11 16:28:57.000,CVE-2024-37891,urllib3,2.2.0,N/A,N/A,N/A,0,0,0
tensorflow/tensorflow,v2.17.0,0,2024-07-11 16:28:57.000,CVE-2024-6345,setuptools,68.2.2,N/A,N/A,N/A,0,0,0
tensorflow/tensorflow,v2.17.0,0,2024-07-11 16:28:57.000,CVE-2024-35195,requests,2.31.0,N/A,N/A,N/A,0,0,0
tensorflow/tensorflow,v2.17.0,0,2024-07-11 16:28:57.000,CVE-2024-55459,keras,3.2.1,N/A,N/A,N/A,0,0,0
tensorflow/tensorflow,v2.17.0,0,2024-07-11 16:28:57.000,CVE-2024-39689,certifi,2024.2.2,HIGH,CVSSv3.1,CVSS:3.1/AV:N/AC:L/PR:N/UI:N/S:U/C:N/I:H/A:N,7.5,3.6,3.9
tensorflow/tensorflow,v2.18.0-rc0,1,2024-09-30 18:05:31.000,CVE-2024-55459,keras,3.5.0,N/A,N/A,N/A,0,0,0
tensorflow/tensorflow,v2.18.0-rc0,1,2024-09-30 18:05:31.000,CVE-2024-49767,werkzeug,3.0.3,HIGH,CVSSv3.1,CVSS:3.1/AV:N/AC:L/PR:N/UI:N/S:U/C:N/I:N/A:H,7.5,3.6,3.9
tensorflow/tensorflow,v2.18.0-rc0,1,2024-09-30 18:05:31.000,CVE-2024-49766,werkzeug,3.0.3,N/A,N/A,N/A,0,0,0
tensorflow/tensorflow,v2.18.0-rc1,1,2024-10-07 23:56:35.000,CVE-2024-55459,keras,3.5.0,N/A,N/A,N/A,0,0,0
tensorflow/tensorflow,v2.18.0-rc1,1,2024-10-07 23:56:35.000,CVE-2024-49767,werkzeug,3.0.3,HIGH,CVSSv3.1,CVSS:3.1/AV:N/AC:L/PR:N/UI:N/S:U/C:N/I:N/A:H,7.5,3.6,3.9
tensorflow/tensorflow,v2.18.0-rc1,1,2024-10-07 23:56:35.000,CVE-2024-49766,werkzeug,3.0.3,N/A,N/A,N/A,0,0,0
tensorflow/tensorflow,v2.18.0-rc2,1,2024-10-16 18:23:00.000,CVE-2024-55459,keras,3.5.0,N/A,N/A,N/A,0,0,0
tensorflow/tensorflow,v2.18.0-rc2,1,2024-10-16 18:23:00.000,CVE-2024-49767,werkzeug,3.0.3,HIGH,CVSSv3.1,CVSS:3.1/AV:N/AC:L/PR:N/UI:N/S:U/C:N/I:N/A:H,7.5,3.6,3.9
tensorflow/tensorflow,v2.18.0-rc2,1,2024-10-16 18:23:00.000,CVE-2024-49766,werkzeug,3.0.3,N/A,N/A,N/A,0,0,0
tensorflow/tensorflow,v2.17.1,0,2024-10-24 22:49:35.000,CVE-2024-39689,certifi,2024.2.2,HIGH,CVSSv3.1,CVSS:3.1/AV:N/AC:L/PR:N/UI:N/S:U/C:N/I:H/A:N,7.5,3.6,3.9
tensorflow/tensorflow,v2.17.1,0,2024-10-24 22:49:35.000,CVE-2024-55459,keras,3.2.1,N/A,N/A,N/A,0,0,0
tensorflow/tensorflow,v2.17.1,0,2024-10-24 22:49:35.000,CVE-2024-35195,requests,2.31.0,N/A,N/A,N/A,0,0,0
tensorflow/tensorflow,v2.17.1,0,2024-10-24 22:49:35.000,CVE-2024-6345,setuptools,68.2.2,N/A,N/A,N/A,0,0,0
tensorflow/tensorflow,v2.17.1,0,2024-10-24 22:49:35.000,CVE-2024-37891,urllib3,2.2.0,N/A,N/A,N/A,0,0,0
tensorflow/tensorflow,v2.17.1,0,2024-10-24 22:49:35.000,CVE-2024-49767,werkzeug,3.0.3,HIGH,CVSSv3.1,CVSS:3.1/AV:N/AC:L/PR:N/UI:N/S:U/C:N/I:N/A:H,7.5,3.6,3.9
tensorflow/tensorflow,v2.17.1,0,2024-10-24 22:49:35.000,CVE-2024-49766,werkzeug,3.0.3,N/A,N/A,N/A,0,0,0
tensorflow/tensorflow,v2.17.1,0,2024-10-24 22:49:35.000,CVE-2024-5569,zipp,3.17.0,N/A,N/A,N/A,0,0,0
tensorflow/tensorflow,v2.18.0,0,2024-10-24 23:51:36.000,CVE-2024-55459,keras,3.5.0,N/A,N/A,N/A,0,0,0
tensorflow/tensorflow,v2.18.0,0,2024-10-24 23:51:36.000,CVE-2024-49767,werkzeug,3.0.3,HIGH,CVSSv3.1,CVSS:3.1/AV:N/AC:L/PR:N/UI:N/S:U/C:N/I:N/A:H,7.5,3.6,3.9
tensorflow/tensorflow,v2.18.0,0,2024-10-24 23:51:36.000,CVE-2024-49766,werkzeug,3.0.3,N/A,N/A,N/A,0,0,0
tensorflow/tensorflow,v2.19.0-rc0,1,2025-02-24 19:00:56.000,CVE-2024-55459,keras,3.5.0,N/A,N/A,N/A,0,0,0
